step,type,amount,nameOrig,oldbalanceOrg,newbalanceOrig,nameDest,oldbalanceDest,newbalanceDest,isFraud,isFlaggedFraud
308,CASH_OUT,210542.52,C971437370,58178.91,0,C1933766809,6402405.93,6612948.45,0,0
308,CASH_OUT,205206.17,C874951884,0,0,C1198885686,250033.63,455239.8,0,0
308,CASH_OUT,371017.64,C264006982,0,0,C1100020359,889460.47,1260478.11,0,0
308,CASH_OUT,37757.55,C898772610,0,0,C359417495,147008.07,184765.62,0,0
308,CASH_OUT,310953.62,C1003704879,0,0,C1438409297,1356216.97,1667170.59,0,0
308,CASH_OUT,78310.61,C978456909,0,0,C1053836573,247380.52,325691.13,0,0
308,CASH_OUT,73836,C1458081052,0,0,C1042495130,74097.89,147933.89,0,0
308,CASH_OUT,279651.74,C1915375485,0,0,C1612892904,611052.2,890703.94,0,0
308,CASH_OUT,141454.85,C1397307709,0,0,C139456796,1726949.85,1868404.7,0,0
308,CASH_OUT,188278.85,C2042331744,0,0,C391567143,258444.9,446723.75,0,0
308,CASH_OUT,118936.4,C1806266406,0,0,C2085397579,370847.16,489783.56,0,0
308,CASH_OUT,119060.6,C1264094089,0,0,C1359708638,520765.41,639826.02,0,0
308,CASH_OUT,99692.81,C1363329806,0,0,C1219768504,836083.67,935776.48,0,0
308,CASH_OUT,37064.24,C1959781316,0,0,C1142708145,5879979.04,5917043.27,0,0
308,CASH_OUT,184721.47,C1422361915,0,0,C1075893839,248278.29,432999.76,0,0
308,CASH_OUT,104124.85,C1540114665,0,0,C2086174947,645421.48,749546.33,0,0
308,CASH_OUT,39557.17,C483502637,0,0,C1963402263,1164135.25,1203692.41,0,0
308,CASH_OUT,47304.41,C386644912,0,0,C1006369920,780805.53,828109.94,0,0
308,CASH_OUT,105510.78,C2139949623,0,0,C1199606198,7706201.83,7811712.61,0,0
308,CASH_OUT,129250.73,C1178570287,0,0,C99159271,146893.01,276143.73,0,0
308,CASH_OUT,421860.11,C1462682631,0,0,C2103118140,1437121.03,1858981.15,0,0
308,CASH_OUT,111376.87,C498217833,0,0,C1726533989,1781300.81,1892677.68,0,0
308,CASH_OUT,71537.46,C175722074,0,0,C2036713311,302203,373740.46,0,0
308,CASH_OUT,117214.86,C814606284,0,0,C507001838,1291468.78,1408683.63,0,0
308,CASH_OUT,146918.28,C287445798,0,0,C1075909076,3212910.41,3359828.68,0,0
308,CASH_OUT,723.5,C487019280,0,0,C1162508658,103177.28,103900.78,0,0
308,CASH_OUT,82820.62,C1565316468,0,0,C1850803964,3574186.67,3657007.29,0,0
308,CASH_OUT,296550.46,C44104342,0,0,C479990682,12629801.22,12926351.68,0,0
308,CASH_OUT,231015.49,C60453575,0,0,C1880845419,282828.15,513843.64,0,0
308,CASH_OUT,253673.25,C614612599,0,0,C1533779042,1596062.62,1849735.87,0,0
308,CASH_OUT,163719.53,C536787170,0,0,C739276599,781289.56,945009.09,0,0
308,CASH_OUT,39274.42,C437224897,0,0,C1820624995,354815.14,394089.56,0,0
308,CASH_OUT,79964.61,C1255395341,0,0,C1105691459,392856.38,472820.99,0,0
308,CASH_OUT,98366.47,C2134314662,0,0,C1098175424,284639.58,383006.05,0,0
308,CASH_OUT,107816.37,C367296522,0,0,C330365612,2186823.85,2294640.22,0,0
308,CASH_OUT,223023.59,C1931685626,0,0,C2056387821,245733.4,468756.99,0,0
308,CASH_OUT,45302.01,C665115435,0,0,C2019388912,181036.94,226338.95,0,0
308,CASH_OUT,402534.83,C1621205831,0,0,C204794632,790699.7,1193234.53,0,0
308,CASH_OUT,188288.67,C1366596489,0,0,C1145210709,696970.03,885258.7,0,0
308,CASH_OUT,463693.27,C1003109283,0,0,C1524496568,929067.63,1449010.58,0,0
308,CASH_OUT,181807.56,C985059954,0,0,C1657968774,460305.38,1141275.91,0,0
308,CASH_OUT,352807.11,C1465968120,0,0,C976780372,4708399.26,5061206.37,0,0
308,CASH_OUT,451280.6,C574456910,0,0,C394826373,975290.49,1426571.09,0,0
308,CASH_OUT,281861.22,C1220588681,0,0,C123896937,591157.22,873018.45,0,0
308,CASH_OUT,271840.06,C1156172449,0,0,C319974064,883247.29,1155087.35,0,0
308,CASH_OUT,71973.37,C343324897,0,0,C988039809,137105.66,209079.03,0,0
308,CASH_OUT,41658.68,C1520914901,0,0,C2109174020,156584.69,198243.37,0,0
308,CASH_OUT,35416.33,C386847476,0,0,C1431027809,8792384.17,8827800.5,0,0
308,CASH_OUT,72452.24,C490253942,0,0,C1148204493,558954.25,631406.5,0,0
308,CASH_OUT,85405.84,C1009302656,0,0,C289570041,5244628.48,5330034.32,0,0
308,CASH_OUT,150602.71,C1558276905,0,0,C995261825,15955355.27,16105957.98,0,0
308,CASH_OUT,241632.92,C1025088307,0,0,C1273873611,434593.83,676226.75,0,0
308,CASH_OUT,188667.03,C1695209976,0,0,C1831527450,275712.88,464379.91,0,0
308,CASH_OUT,182498.06,C482325861,0,0,C857100926,13514944.47,13697442.53,0,0
308,CASH_OUT,104003.17,C1271938552,0,0,C1411891455,889946.36,993949.53,0,0
308,CASH_OUT,93042.21,C979498930,0,0,C1988557544,186128.11,279170.32,0,0
308,CASH_OUT,365364.66,C152513567,0,0,C1178961600,1351729.33,1717093.99,0,0
308,CASH_OUT,7368.39,C1751299269,52544,45175.61,C1638125181,0,7368.39,0,0
308,PAYMENT,5304.18,C580348876,45175.61,39871.43,M394187851,0,0,0,0
308,CASH_IN,81299.65,C658077039,8402,89701.65,C1177740196,3823330.96,3668800.35,0,0
308,CASH_OUT,95079.51,C1509960145,49515,0,C281941141,0,95079.51,0,0
308,CASH_IN,61737.46,C1129377878,63243,124980.46,C976240517,0,0,0,0
308,PAYMENT,2594.08,C577612027,150751,148156.92,M1309877204,0,0,0,0
308,CASH_OUT,224386.6,C361153894,595,0,C1875074981,487845.9,712232.5,0,0
308,PAYMENT,12240.59,C1368409536,15290,3049.41,M510989689,0,0,0,0
308,PAYMENT,8831.5,C1236240608,102231,93399.5,M1788991814,0,0,0,0
308,PAYMENT,2677.43,C969686935,32626,29948.57,M254032650,0,0,0,0
308,CASH_IN,178546.69,C989420166,56228,234774.69,C1079046050,500922.47,322375.78,0,0
308,CASH_OUT,91670.13,C1584848758,21022,0,C72120427,105322.43,196992.57,0,0
308,PAYMENT,39460.68,C102658984,62237,22776.32,M684520458,0,0,0,0
308,CASH_OUT,73745.74,C1477551871,133358,59612.26,C1303353950,0,73745.74,0,0
308,PAYMENT,4343.72,C821317604,2093,0,M1157822817,0,0,0,0
308,CASH_OUT,331996.43,C178338159,2509,0,C2063669754,191798.09,523794.52,0,0
308,CASH_OUT,98391.38,C1599230106,21448,0,C991181914,128420.12,226811.5,0,0
308,PAYMENT,1639.45,C1296809979,19474,17834.55,M533765826,0,0,0,0
308,TRANSFER,144298.2,C473540118,17834.55,0,C2122076358,218658.62,362956.82,0,0
308,CASH_OUT,79970.19,C1361245067,1030,0,C965627250,542060.62,622030.81,0,0
308,CASH_OUT,182599.03,C1090927155,124999,0,C909613457,579564.72,762163.75,0,0
308,CASH_OUT,11417.66,C1513855583,0,0,C639263059,338416.18,349833.84,0,0
308,CASH_OUT,57778.1,C199462424,0,0,C432396796,249174.16,306952.26,0,0
308,CASH_OUT,228954.51,C1302039108,0,0,C1675375300,1461842.75,1690797.26,0,0
308,CASH_OUT,238693.01,C1027405414,0,0,C1593079147,2034186.67,2272879.68,0,0
308,CASH_OUT,133444.8,C995326716,0,0,C1320619361,223556.29,357001.09,0,0
308,CASH_OUT,381314.67,C743944384,0,0,C1537896889,4654837.9,5036152.57,0,0
308,CASH_OUT,313904.52,C1024448164,0,0,C1325998440,3738344.05,4052248.58,0,0
308,CASH_OUT,39249.85,C1733986469,0,0,C337969505,233619.69,272869.54,0,0
308,CASH_OUT,126551.07,C1207867944,0,0,C1236386378,436586.42,563137.49,0,0
308,CASH_OUT,281531.04,C1455354791,0,0,C1380669998,793219.9,1074750.94,0,0
308,CASH_OUT,8053.31,C365405474,0,0,C1429468022,1052136.16,1066840.42,0,0
308,CASH_OUT,33634.07,C644552863,0,0,C328048777,375762.22,409396.29,0,0
308,CASH_OUT,43951.94,C368572832,116,0,C839881787,1278418.72,1322370.66,0,0
308,PAYMENT,1965.88,C888476530,343,0,M473124475,0,0,0,0
308,CASH_OUT,56091.24,C1650590338,20673,0,C1264654994,0,56091.24,0,0
308,PAYMENT,3603.11,C1223875991,22121,18517.89,M1409300856,0,0,0,0
308,CASH_OUT,197259.4,C1388770581,18517.89,0,C2004693650,891800.16,1089059.56,0,0
308,CASH_IN,13060.18,C541236189,249427,262487.18,C1869591938,0,0,0,0
308,PAYMENT,9801.8,C2122511399,57315,47513.2,M731695478,0,0,0,0
308,CASH_OUT,4666.93,C1318580045,166245,161578.07,C1972657920,75642.45,80309.38,0,0
308,TRANSFER,597219.8,C2059344177,161578.07,0,C1365915529,2130813.6,2728033.4,0,0
308,TRANSFER,113931.94,C334887309,0,0,C1131293196,24436721.81,24550653.75,0,0
308,TRANSFER,338830.96,C1584354812,0,0,C1011225077,519251.42,858082.39,0,0
308,TRANSFER,1024161.29,C804467963,0,0,C1310934657,1329219.23,2353380.52,0,0
308,TRANSFER,1217704.24,C755488421,0,0,C519957188,5442349.29,6660053.54,0,0
308,TRANSFER,564754.77,C293759769,0,0,C1746328762,13982246.23,15136071.65,0,0
308,TRANSFER,326707.11,C895884384,0,0,C1694361930,2244015.43,2570722.54,0,0
308,CASH_IN,129479.17,C59024091,50496,179975.17,C1529608490,0,0,0,0
308,PAYMENT,4082.57,C279314160,31322,27239.43,M310216030,0,0,0,0
308,CASH_OUT,207065.27,C402464365,24619,0,C1701952228,25560772.61,25767837.87,0,0
308,TRANSFER,334966.6,C835318835,13890,0,C2147424735,216496.79,551463.39,0,0
308,PAYMENT,16198.26,C245681796,141062,124863.74,M1879965051,0,0,0,0
308,CASH_IN,175289.27,C268208993,15007,190296.27,C451193841,0,0,0,0
308,PAYMENT,2821.03,C1902812865,59575,56753.97,M1494396550,0,0,0,0
308,CASH_OUT,80289.97,C1189836538,890,0,C611990592,140038,220327.96,0,0
308,CASH_OUT,159234.32,C757549765,989,0,C810042141,360250.5,519484.81,0,0
308,CASH_OUT,108406.43,C144594230,8140,0,C1015223877,0,108406.43,0,0
308,CASH_IN,110956.81,C1152695357,23552,134508.81,C591582551,1432457.79,1321500.98,0,0
308,PAYMENT,30031.54,C1500864247,100489,70457.46,M1318274686,0,0,0,0
308,PAYMENT,5504.19,C887000447,26479,20974.81,M1441438349,0,0,0,0
308,CASH_OUT,240105.46,C647750689,143201,0,C1327352837,1122972.24,1363077.7,0,0
308,TRANSFER,518196.15,C1919940154,0,0,C1141911824,2199406.75,2717602.9,0,0
308,TRANSFER,684931.58,C848967805,0,0,C124603965,2986665.99,3671597.57,0,0
308,TRANSFER,581548.49,C858124881,0,0,C441602620,1070819.96,1652368.45,0,0
308,TRANSFER,2055834.37,C1248244472,0,0,C1804214408,3373476.19,5429310.55,0,0
308,TRANSFER,238487.6,C1203061672,0,0,C1540948006,983359.91,1221847.5,0,0
308,PAYMENT,22086.28,C605012723,51572,29485.72,M941890393,0,0,0,0
308,PAYMENT,5791.71,C1202364375,29485.72,23694.01,M720321673,0,0,0,0
308,CASH_OUT,49971.11,C1882024829,79748,29776.89,C853097954,54296.66,104267.76,0,0
308,CASH_OUT,28399.89,C1758152946,11008,0,C2107268831,7488261.43,7516661.32,0,0
308,CASH_OUT,10944.21,C2072786459,50747,39802.79,C1329798574,803185.03,814129.24,0,0
308,CASH_IN,130362.59,C676611735,571,130933.59,C1920983926,1215535.23,1085172.64,0,0
308,TRANSFER,681184.1,C859416163,1000,0,C857724175,2583681.71,3264865.81,0,0
308,CASH_OUT,26183.09,C25682990,305310,279126.91,C81078483,0,26183.09,0,0
308,PAYMENT,13740.4,C463546091,532,0,M298560502,0,0,0,0
308,CASH_OUT,158279.66,C1874791698,20847,0,C2070741629,0,158279.66,0,0
308,CASH_IN,132797.13,C1369907807,49591,182388.13,C852419473,0,0,0,0
308,CASH_IN,198006.23,C1134805246,19,198025.23,C1398896731,2109927.25,1911921.02,0,0
308,PAYMENT,56472.59,C268130151,198025.23,141552.64,M406526999,0,0,0,0
308,CASH_IN,40131.3,C1894150293,100088,140219.3,C1826076020,2973110.74,2932979.44,0,0
308,CASH_IN,6174.43,C765454919,53559,59733.43,C2142030324,149263.65,143089.22,0,0
308,CASH_IN,67782.53,C2013974780,36,67818.53,C2132795468,5424.24,0,0,0
308,PAYMENT,6535.72,C940679246,15657,9121.28,M2066746625,0,0,0,0
308,PAYMENT,12923.86,C699338226,9121.28,0,M118269195,0,0,0,0
308,CASH_OUT,84289.65,C841643636,12061,0,C2138096941,102892.92,187182.57,0,0
308,PAYMENT,13327.55,C1225342261,12545,0,M404257147,0,0,0,0
308,CASH_OUT,67256.96,C2061411214,121473,54216.04,C1184771279,0,67256.96,0,0
308,CASH_OUT,76877.54,C463926135,50747,0,C491502316,1194469.57,1271347.11,0,0
308,CASH_OUT,54597.76,C465995171,5590,0,C694848622,10202.08,64799.84,0,0
308,PAYMENT,20755.68,C1087300609,30234,9478.32,M1325661509,0,0,0,0
308,CASH_OUT,153081.31,C1662157465,9478.32,0,C502476345,1184845.47,1337926.77,0,0
308,CASH_OUT,171108.15,C1280768197,0,0,C1293366723,7069276.47,7240384.62,0,0
308,CASH_OUT,426209.87,C2073027490,0,0,C170848628,1230437.4,1656647.27,0,0
308,CASH_OUT,217042.73,C725008451,0,0,C593422020,413651.75,630694.48,0,0
308,CASH_OUT,97581.64,C1556584950,0,0,C607394823,398460.98,496042.61,0,0
308,CASH_OUT,482461.02,C657248891,0,0,C176142725,2895168.21,3377629.23,0,0
308,CASH_OUT,119377.2,C591050703,0,0,C62755631,1455847.62,1575224.82,0,0
308,CASH_OUT,66698.55,C1041452851,0,0,C614176277,1792225.33,1858923.88,0,0
308,CASH_OUT,439208.47,C1585150254,0,0,C797716881,5934046.35,6373254.82,0,0
308,CASH_OUT,73752.56,C528865168,0,0,C713745320,371237.11,444989.68,0,0
308,CASH_OUT,386711.78,C1769443168,0,0,C2106215408,4100909.52,4487621.3,0,0
308,CASH_OUT,389623.87,C1295593386,0,0,C412316185,957177.79,1346801.65,0,0
308,CASH_OUT,87299.89,C1217301802,0,0,C2067090906,9575631.78,9662931.67,0,0
308,CASH_OUT,6699.53,C2030500604,0,0,C570609842,1290969.76,1297669.28,0,0
308,CASH_OUT,161089.87,C744453683,0,0,C1714935544,1976953.68,2138043.55,0,0
308,CASH_OUT,18191.42,C673138797,0,0,C737884004,234150.69,252342.11,0,0
308,CASH_OUT,123242.93,C340031385,0,0,C218986640,1284708.82,1407951.74,0,0
308,CASH_OUT,139805.36,C1524346615,0,0,C791964399,3822618.22,3979008.73,0,0
308,CASH_OUT,186564.35,C232961393,0,0,C209337893,427449.74,614014.09,0,0
308,CASH_OUT,112755.05,C1600964736,0,0,C260251552,611543.45,724298.5,0,0
308,TRANSFER,219672.5,C1747162187,20064,0,C342978729,101526.7,321199.21,0,0
308,PAYMENT,10713.53,C1871193006,46561,35847.47,M2010733075,0,0,0,0
308,PAYMENT,15463.27,C1313387680,35847.47,20384.2,M985522414,0,0,0,0
308,PAYMENT,45666.65,C335950148,20384.2,0,M699590677,0,0,0,0
308,PAYMENT,7738.32,C584365111,356,0,M2000390675,0,0,0,0
308,CASH_OUT,68432.3,C1376913825,31874,0,C1081199970,248474.7,316907,0,0
308,PAYMENT,8884.07,C1818145206,18768,9883.93,M1798100230,0,0,0,0
308,PAYMENT,2731.4,C1080865122,31346,28614.6,M49412047,0,0,0,0
308,CASH_OUT,79370.76,C456860966,20151,0,C57609566,0,79370.76,0,0
308,PAYMENT,7388.86,C372393890,206,0,M862983079,0,0,0,0
308,PAYMENT,28263.34,C1051907465,0,0,M2086847852,0,0,0,0
308,CASH_IN,243817.32,C2020184597,90428,334245.32,C1305086572,0,0,0,0
308,PAYMENT,2725.34,C1261919124,180289,177563.66,M1661059558,0,0,0,0
308,PAYMENT,17777.05,C153235791,84947,67169.95,M1039131460,0,0,0,0
308,PAYMENT,1462.98,C1282794646,67169.95,65706.98,M563479055,0,0,0,0
308,PAYMENT,10469.24,C967239483,86569,76099.76,M2073151112,0,0,0,0
308,PAYMENT,5599.69,C413387832,547,0,M162804569,0,0,0,0
308,CASH_OUT,157010.41,C128287339,82667,0,C764573733,129723.29,286733.7,0,0
308,CASH_IN,3483.06,C1928700305,1398,4881.06,C429670525,0,0,0,0
308,CASH_IN,7913.73,C1949397499,760501,768414.73,C333713781,1571470.22,1563556.49,0,0
308,PAYMENT,15191.27,C1547156191,768414.73,753223.46,M2007682536,0,0,0,0
308,PAYMENT,17430.67,C671876005,11201,0,M1473053174,0,0,0,0
308,CASH_OUT,46694.19,C911063186,6962,0,C950000640,78014.48,124708.66,0,0
308,TRANSFER,2429346.19,C388621886,153928,0,C1908682936,1508339.54,3937685.73,0,0
308,PAYMENT,6073.16,C1609621077,0,0,M1619900140,0,0,0,0
308,PAYMENT,12983.01,C1004477255,0,0,M1671365140,0,0,0,0
308,CASH_OUT,106172.21,C985950788,72,0,C1179421953,85565.36,191737.57,0,0
308,PAYMENT,6151.19,C938709286,52212,46060.81,M1958060476,0,0,0,0
308,PAYMENT,26099.78,C1864471196,46060.81,19961.02,M1982747510,0,0,0,0
308,PAYMENT,103,C1568638516,34416,34313,M77493350,0,0,0,0
308,PAYMENT,15785.19,C1741206299,242602,226816.81,M1668938103,0,0,0,0
308,CASH_IN,130017.97,C1117162762,9457,139474.97,C1552307394,0,0,0,0
308,DEBIT,2764.87,C895286394,21277,18512.13,C1407178559,1905930.34,1908695.21,0,0
308,TRANSFER,914566.99,C397332897,9942,0,C1161377462,1406556.51,2321123.51,0,0
308,PAYMENT,8124.22,C993009762,20915,12790.78,M1295516883,0,0,0,0
308,PAYMENT,19786.61,C534089250,496097,476310.39,M2123851680,0,0,0,0
308,CASH_OUT,28907.91,C1142848288,476310.39,447402.48,C1266885726,296869.68,325777.58,0,0
308,CASH_OUT,14358.99,C1225650668,14292,0,C1355277826,235058.6,249417.6,0,0
308,TRANSFER,139351.49,C2056962673,61881,0,C139834470,28303.64,167655.13,0,0
308,CASH_IN,67719.41,C1064632549,34440,102159.41,C2059428414,649769.87,582050.46,0,0
308,PAYMENT,304.72,C134593360,102159.41,101854.7,M782350637,0,0,0,0
308,PAYMENT,26575.26,C42233794,101854.7,75279.44,M358692191,0,0,0,0
308,PAYMENT,10396.02,C807125912,21221,10824.98,M332430439,0,0,0,0
308,CASH_OUT,99174.03,C839642016,20901,0,C761356184,0,99174.03,0,0
308,TRANSFER,317662.47,C777845619,21370,0,C936953564,7493815.52,7811477.99,0,0
308,CASH_OUT,53292.38,C1085667875,0,0,C292814238,186402.2,239694.58,0,0
308,CASH_OUT,13681.55,C1352045846,0,0,C1371322983,64066.03,77747.59,0,0
308,CASH_IN,52842.27,C1026372175,772011,824853.27,C1926683827,1071133.37,1018291.1,0,0
308,CASH_OUT,82113.66,C1952698874,10417,0,C97772881,47652.52,129766.18,0,0
308,PAYMENT,21179.57,C459819447,8059,0,M2134000105,0,0,0,0
308,PAYMENT,10484.49,C735685386,261,0,M1105154954,0,0,0,0
308,PAYMENT,5498.19,C404983799,3301,0,M1970513939,0,0,0,0
308,PAYMENT,10971.91,C328518732,0,0,M678207159,0,0,0,0
308,CASH_OUT,107147.59,C750055546,3840,0,C1930047696,31380.47,138528.06,0,0
308,CASH_IN,195270.39,C1156572879,100613,295883.39,C148964144,407873.77,212603.38,0,0
308,TRANSFER,1106908.6,C1898751154,102054,0,C1468023780,234296.84,1341205.44,0,0
308,CASH_IN,76252.14,C1039729926,58994,135246.14,C1615018470,120584.77,44332.63,0,0
308,PAYMENT,2936.73,C918881763,21867,18930.27,M229069930,0,0,0,0
308,CASH_OUT,48462.9,C423258200,18930.27,0,C995048314,345674.55,394137.45,0,0
308,CASH_OUT,8351.94,C1822334796,0,0,C1567346171,3432702.39,3441054.32,0,0
308,CASH_OUT,121870.26,C1927968033,0,0,C1902203190,740658.21,862528.47,0,0
308,CASH_OUT,256327.18,C1171880722,0,0,C703876530,3446942.98,3703270.15,0,0
308,CASH_OUT,34991.8,C267101017,0,0,C1589798404,439839.6,474831.4,0,0
308,CASH_OUT,123727.8,C395786519,0,0,C215923067,228558,0,0,0
308,CASH_OUT,90758.2,C922027449,0,0,C1546478356,1425143.53,1515901.74,0,0
308,CASH_OUT,53838.59,C947579294,0,0,C2146673522,3865951.93,3919790.52,0,0
308,CASH_OUT,216055.83,C1792631971,0,0,C969756403,1449011.38,1665067.21,0,0
308,CASH_OUT,148896.13,C1143514990,0,0,C1175247461,379648.89,528545.03,0,0
308,CASH_OUT,173524.18,C1517206175,0,0,C1535755101,360553.58,534077.75,0,0
308,CASH_OUT,24328.84,C892833365,0,0,C2065111056,13682695.79,13707024.62,0,0
308,CASH_OUT,160829.96,C350885932,0,0,C1036121749,3713782.46,3874612.42,0,0
308,CASH_OUT,27312.68,C368627208,0,0,C1378174106,189421.08,216733.76,0,0
308,CASH_OUT,32943.32,C988619882,0,0,C1844509012,247674.94,280618.25,0,0
308,CASH_OUT,17592.14,C866205764,0,0,C1012144963,80372.59,97964.73,0,0
308,CASH_OUT,203166.57,C2001605988,0,0,C1467974652,377676.82,580843.39,0,0
308,CASH_OUT,75184.55,C613747979,0,0,C1662027846,5236910.18,5312094.74,0,0
308,CASH_OUT,128904.55,C1997054855,0,0,C1524571127,638722.37,767626.92,0,0
308,CASH_OUT,125453.93,C1318223426,0,0,C805775274,337197.59,462651.52,0,0
308,CASH_IN,297167.66,C1240512449,71349,368516.66,C614094961,101086.22,0,0,0
308,PAYMENT,5279.06,C1157699233,368516.66,363237.6,M2007470365,0,0,0,0
308,PAYMENT,5387.73,C714768837,363237.6,357849.88,M1712874984,0,0,0,0
308,CASH_OUT,221404.43,C736215956,892,0,C1378415880,0,221404.43,0,0
308,TRANSFER,230019.44,C1610977420,21711,0,C1178497894,54589635.55,54819654.99,0,0
308,CASH_OUT,72765.64,C519025120,979,0,C2036769454,440311.3,513076.93,0,0
308,CASH_IN,38962.58,C998093040,15776,54738.58,C1401920087,236263.52,197300.94,0,0
308,CASH_IN,12844.27,C514140520,243917,256761.27,C651005049,2081776.25,2068931.98,0,0
308,PAYMENT,13880.4,C1390959552,246720,232839.6,M829133004,0,0,0,0
308,PAYMENT,4036.78,C1732729889,20106,16069.22,M1352583112,0,0,0,0
308,PAYMENT,1453.8,C1077456960,16069.22,14615.42,M767075707,0,0,0,0
308,CASH_IN,189570.05,C1891848889,50153,239723.05,C1631752447,457574.78,268004.73,0,0
308,PAYMENT,14842.16,C1447390190,115452,100609.84,M1400536022,0,0,0,0
308,PAYMENT,12776.9,C989962175,100609.84,87832.93,M1371358460,0,0,0,0
308,PAYMENT,28895.75,C744116030,35029,6133.25,M746468776,0,0,0,0
308,PAYMENT,11218.24,C456502271,108609,97390.76,M538216129,0,0,0,0
308,CASH_IN,17489.33,C1581850178,9058,26547.33,C1802590229,3686277.04,3668787.71,0,0
308,CASH_OUT,81860.1,C55030614,26547.33,0,C964153447,7780795.29,7862655.39,0,0
308,CASH_OUT,10177.2,C891001490,438,0,C1971263429,91204.88,101382.08,0,0
308,PAYMENT,17254.76,C834478206,0,0,M655397637,0,0,0,0
308,CASH_IN,24273.8,C426985906,10160,34433.8,C1163677840,1124470.36,1100196.56,0,0
308,TRANSFER,394004.87,C1893048068,34433.8,0,C69146250,3631000.23,4025005.1,0,0
308,PAYMENT,416.24,C682880944,3041,2624.76,M194566424,0,0,0,0
308,PAYMENT,2867.15,C145043200,2624.76,0,M1423223983,0,0,0,0
308,PAYMENT,23459.21,C1672288234,0,0,M783307422,0,0,0,0
308,CASH_OUT,89077.81,C265069927,184877,95799.19,C1089084540,138243.84,227321.66,0,0
308,CASH_OUT,120457.39,C2114769381,21591,0,C1112610664,1352526.54,1472983.93,0,0
308,PAYMENT,8261.11,C1964350345,5043,0,M1503462167,0,0,0,0
308,PAYMENT,5485.9,C865104606,107302,101816.1,M730537648,0,0,0,0
308,PAYMENT,39320.14,C1914372507,101816.1,62495.96,M1127166324,0,0,0,0
308,CASH_OUT,182582.51,C1931062605,10717,0,C508757472,23352.67,205935.18,0,0
308,CASH_IN,12407.31,C1331968,700445,712852.31,C743272134,124758.81,112351.5,0,0
308,CASH_OUT,62453.33,C715754816,712852.31,650398.99,C1840292374,112042.48,174495.81,0,0
308,PAYMENT,15567.85,C280477168,31279,15711.15,M788142446,0,0,0,0
308,PAYMENT,17299.95,C206885858,958,0,M1794215077,0,0,0,0
308,CASH_OUT,152704.55,C1199895606,29944,0,C1355928790,0,152704.55,0,0
308,CASH_IN,79560.39,C969651393,15758,95318.39,C642078842,8022604.46,7943044.07,0,0
308,TRANSFER,758147.69,C321563609,95318.39,0,C1862287377,5092975.05,5851122.74,0,0
308,CASH_IN,150021.41,C1977125309,30348,180369.41,C432631494,0,0,0,0
308,CASH_IN,221013.84,C354285172,610398,831411.84,C1699565892,2980512.57,2759498.73,0,0
308,CASH_OUT,46914.02,C1905534378,8358,0,C1917234339,897907.6,944821.63,0,0
308,PAYMENT,25666.5,C925248546,19396,0,M109239834,0,0,0,0
308,CASH_OUT,376865.7,C2094409448,26,0,C1708782295,425652.45,802518.15,0,0
308,CASH_OUT,211953.79,C742389165,160775,0,C449282631,0,211953.79,0,0
308,PAYMENT,2089.19,C712940340,76670,74580.81,M974975599,0,0,0,0
308,CASH_OUT,29510.69,C2008048290,10250,0,C1272115848,0,29510.69,0,0
308,PAYMENT,6426.44,C611414884,70257,63830.56,M2055797733,0,0,0,0
308,CASH_OUT,68838.14,C660267345,15952,0,C194838803,0,68838.14,0,0
308,PAYMENT,3048.58,C1401627242,0,0,M2085519660,0,0,0,0
308,CASH_IN,65992.61,C1101273747,14999,80991.61,C868665298,2898961.69,2832969.07,0,0
308,PAYMENT,27121.5,C830745503,80991.61,53870.12,M999737271,0,0,0,0
308,CASH_IN,76553.24,C861500936,14759,91312.24,C1730440507,65444.04,0,0,0
308,PAYMENT,11440.18,C1380483698,154451,143010.82,M1115718519,0,0,0,0
308,CASH_IN,167599.12,C1327914991,154428,322027.12,C2021261355,513637.36,346038.24,0,0
308,CASH_IN,65569.54,C926386485,239167.04,304736.58,C1866672043,8857545.44,8791975.9,0,0
308,CASH_OUT,146451.62,C561698483,304736.58,158284.96,C220147588,189608.63,336060.25,0,0
308,CASH_OUT,37724.88,C1739023056,158284.96,120560.08,C850748067,338620.71,376345.59,0,0
308,CASH_IN,86570.97,C436437228,205444,292014.97,C2075605625,749252.15,662681.17,0,0
308,CASH_OUT,103094.98,C292998328,292014.97,188919.99,C1592976373,5218340.68,5321435.66,0,0
308,PAYMENT,834.36,C1724800875,164523.91,163689.55,M983765120,0,0,0,0
308,PAYMENT,19234.61,C1008858072,163689.55,144454.94,M454425576,0,0,0,0
308,CASH_OUT,131237.05,C263510758,38938,0,C1814846366,8184982.88,8316219.93,0,0
308,PAYMENT,11327.08,C766635136,0,0,M515728861,0,0,0,0
308,CASH_OUT,25899.27,C709035865,209512,183612.73,C2108155652,12246.49,38145.76,0,0
308,PAYMENT,1085.21,C59349789,204611,203525.79,M570335744,0,0,0,0
308,CASH_IN,9203.18,C1410902127,203525.79,212728.97,C1984865103,59911.72,50708.54,0,0
308,CASH_IN,207449.51,C1725105274,212728.97,420178.48,C982275887,2808217.43,2600767.92,0,0
308,CASH_IN,722.25,C701311694,420178.48,420900.73,C994378149,427259.21,426536.96,0,0
308,CASH_IN,185423.21,C2104976213,420900.73,606323.93,C1354992341,186070.79,647.58,0,0
308,CASH_IN,213685.33,C1815996228,606323.93,820009.26,C1128773018,531697.17,318011.84,0,0
308,CASH_IN,15100.28,C305385069,820009.26,835109.54,C29754886,892953.36,877853.08,0,0
308,CASH_IN,190205.2,C1390943679,835109.54,1025314.74,C1074840728,5075242.11,4885036.91,0,0
308,CASH_IN,195330.3,C339976572,1025314.74,1220645.04,C1320961575,262278.04,66947.74,0,0
308,CASH_IN,22727.35,C398943095,1220645.04,1243372.39,C360691010,358431.96,335704.61,0,0
308,PAYMENT,5704.13,C462133060,29949,24244.87,M152855663,0,0,0,0
308,PAYMENT,44445.95,C6122609,24244.87,0,M741174230,0,0,0,0
308,PAYMENT,2367.64,C1809578144,50263,47895.36,M17749672,0,0,0,0
308,PAYMENT,4034.29,C1792744476,53899,49864.71,M762296650,0,0,0,0
308,PAYMENT,16440.68,C432360127,49864.71,33424.04,M1854497977,0,0,0,0
308,PAYMENT,24295.26,C1543552648,16126,0,M209058219,0,0,0,0
308,PAYMENT,902.12,C1071041064,0,0,M450878919,0,0,0,0
308,PAYMENT,56541.04,C1131599082,0,0,M1625933198,0,0,0,0
308,PAYMENT,8564.58,C1768408113,0,0,M229776703,0,0,0,0
308,PAYMENT,2762.96,C1488084455,0,0,M1985554122,0,0,0,0
308,PAYMENT,400.23,C558375548,0,0,M1007589519,0,0,0,0
308,PAYMENT,18270.27,C1989781388,0,0,M1229562083,0,0,0,0
308,PAYMENT,8240.09,C695349364,0,0,M1643126581,0,0,0,0
308,PAYMENT,15567.82,C1517187392,0,0,M1579453526,0,0,0,0
308,PAYMENT,2290.69,C1718478454,0,0,M126174265,0,0,0,0
308,PAYMENT,2148.34,C776524280,0,0,M1416932955,0,0,0,0
308,PAYMENT,2936.62,C1571007733,0,0,M1881841652,0,0,0,0
308,PAYMENT,7634.11,C411391768,0,0,M1769092133,0,0,0,0
308,CASH_OUT,10776.65,C695663098,409,0,C2145879494,0,10776.65,0,0
308,PAYMENT,9887.16,C218564127,1986,0,M1065921840,0,0,0,0
308,CASH_IN,118214.7,C1201894904,23097,141311.7,C2020572176,170460.95,52246.25,0,0
308,CASH_OUT,140948.96,C1493495263,141311.7,362.74,C636843852,1246846.84,1387795.81,0,0
308,CASH_OUT,273901.31,C1812344606,4575,0,C60695417,698323,972224.32,0,0
308,CASH_OUT,72986.05,C371060355,140776,67789.95,C2102138525,78450.4,151436.45,0,0
308,CASH_OUT,382807.7,C1246577933,194822,0,C898833555,953354.78,1336162.48,0,0
308,PAYMENT,10926.99,C878257038,19493,8566.01,M1769641156,0,0,0,0
308,CASH_OUT,112725.36,C275388062,51440,0,C30110343,776647.45,889372.81,0,0
308,CASH_OUT,101844.95,C816794803,180584,78739.05,C2142947406,191089.95,292934.9,0,0
308,TRANSFER,27313.65,C1301765243,78739.05,51425.4,C494581993,954337.89,981651.54,0,0
308,PAYMENT,9775.9,C1886797241,60788,51012.1,M812125135,0,0,0,0
308,CASH_IN,455457.16,C2062025637,24984,480441.16,C1801657227,468735.99,13278.84,0,0
308,CASH_OUT,102785.09,C225176583,52265,0,C1671843758,2113601.14,2216386.23,0,0
308,PAYMENT,493.03,C1278313446,19705,19211.97,M1022877660,0,0,0,0
308,PAYMENT,19720.67,C112723660,276,0,M1424083400,0,0,0,0
308,CASH_IN,80056.07,C344935937,11382,91438.07,C1025310610,432947.91,352891.84,0,0
308,CASH_OUT,23616.98,C369388147,1949,0,C1630973878,0,23616.98,0,0
308,PAYMENT,16159.74,C1355579417,11463,0,M179940417,0,0,0,0
308,TRANSFER,188981.44,C1688732753,0,0,C92279993,584105.84,909479.7,0,0
308,CASH_OUT,151230.61,C1372237125,9535,0,C982129938,916652.03,1067882.64,0,0
308,PAYMENT,8409.59,C1697784621,0,0,M581849198,0,0,0,0
308,CASH_IN,306659.56,C100684518,124915,431574.56,C1187477587,0,0,0,0
308,PAYMENT,71099.58,C44333030,431574.56,360474.98,M1987778516,0,0,0,0
308,PAYMENT,12802.61,C637928533,42289,29486.39,M580248849,0,0,0,0
308,TRANSFER,69592.82,C61844962,19710,0,C38158882,0,69592.82,0,0
308,PAYMENT,2196.66,C759484404,0,0,M1005998757,0,0,0,0
308,CASH_OUT,78946.58,C910591399,20557,0,C1121213557,449416.83,528363.41,0,0
308,PAYMENT,3094.01,C1215888944,106472,103377.99,M1137226660,0,0,0,0
308,TRANSFER,72373.18,C1243783682,103377.99,31004.81,C1803577188,81318.88,153692.06,0,0
308,TRANSFER,694438.41,C1212902748,31004.81,0,C1699792608,829404.89,1523843.3,0,0
308,TRANSFER,874477.95,C1204650779,0,0,C461999208,37108061.26,37982539.22,0,0
308,TRANSFER,1321223.08,C1100897749,0,0,C1653962033,1635374.63,2956597.71,0,0
308,TRANSFER,1830051.17,C510903638,0,0,C515409000,2911606.5,4741657.66,0,0
308,TRANSFER,1159431.66,C230779465,0,0,C837661307,2007211.19,3166642.85,0,0
308,TRANSFER,315725.57,C650114481,0,0,C1479606876,4552470.31,4868195.87,0,0
308,TRANSFER,429554.06,C368866374,0,0,C2098068604,1068704.35,1498258.41,0,0
308,TRANSFER,352327.56,C354769626,0,0,C382076688,685396.41,1037723.96,0,0
308,TRANSFER,7555401.24,C321976597,0,0,C1648370905,9235975.86,16791377.1,0,0
308,TRANSFER,13517622.44,C1258001599,0,0,C363415685,79013128.35,92530750.79,0,0
308,TRANSFER,1112131.53,C1012111330,0,0,C1486452127,2767099.77,3879231.3,0,0
308,TRANSFER,403679.72,C52422968,0,0,C1507636113,860968.77,1264648.49,0,0
308,TRANSFER,898222.15,C393433119,0,0,C2013275989,1959411.76,2857633.92,0,0
308,TRANSFER,421685.91,C20668450,0,0,C1010796866,804533.11,1226219.02,0,0
308,TRANSFER,484502.21,C561449824,0,0,C1944453260,1372024.94,1856527.15,0,0
308,TRANSFER,148852.46,C1566400607,0,0,C366360355,7039208.3,7188060.76,0,0
308,TRANSFER,680862.27,C1344479299,0,0,C1471967616,6474748.55,7155610.82,0,0
308,TRANSFER,141524.91,C180576277,0,0,C26130154,1113567.17,1255092.07,0,0
308,TRANSFER,2287531.25,C334911014,0,0,C1442439129,2466990.16,4754521.41,0,0
308,TRANSFER,2336417.01,C631210911,0,0,C998112935,2448040.01,4784457.02,0,0
308,TRANSFER,1595658.29,C1828163159,0,0,C910246374,3151921.54,4747579.83,0,0
308,TRANSFER,3328375.35,C2108004372,0,0,C36032821,5285247.45,8613622.79,0,0
308,CASH_OUT,271464.37,C1556330208,50060,0,C1595609613,0,271464.37,0,0
308,CASH_OUT,293744.01,C85542300,15342,0,C640295231,843507.05,1137251.06,0,0
308,CASH_OUT,137423,C1439495774,0,0,C854281679,522655.26,660078.26,0,0
308,CASH_OUT,200136.62,C83403211,10189,0,C738495294,127620.3,483174.26,0,0
308,CASH_OUT,75069.64,C1171088130,16558,0,C1076847084,157438.52,232508.17,0,0
308,PAYMENT,5336.29,C171441026,10627,5290.71,M947622556,0,0,0,0
308,CASH_IN,1292.14,C2035059361,100415,101707.14,C788899156,0,0,0,0
308,CASH_OUT,197008.61,C1471620089,20462,0,C1578400004,0,197008.61,0,0
308,CASH_IN,143709.95,C1651059046,30107,173816.95,C1428022983,211901.03,68191.08,0,0
308,CASH_OUT,264205.31,C115521733,6035,0,C748687333,405921.95,670127.27,0,0
308,PAYMENT,11856.22,C468067130,66840,54983.78,M1973445460,0,0,0,0
308,CASH_OUT,11893.54,C1588151967,21544,9650.46,C542344828,560726.88,572620.42,0,0
308,CASH_IN,4808.43,C1302259999,187182,191990.43,C706149181,304835.09,300026.66,0,0
308,PAYMENT,3198.81,C1733033061,191990.43,188791.63,M285710619,0,0,0,0
308,PAYMENT,7981.01,C84850714,72590,64608.99,M1071804341,0,0,0,0
308,CASH_OUT,51743.93,C133301496,13257,0,C539557708,34410.32,86154.25,0,0
308,PAYMENT,14264.47,C705727068,0,0,M1512974700,0,0,0,0
308,CASH_IN,80616.12,C1981639259,5035,85651.12,C444529402,2048911.9,1968295.78,0,0
308,TRANSFER,760613.82,C1633645988,16136,0,C778177001,121920.67,882534.48,0,0
308,CASH_OUT,204431.75,C1337147833,205073,641.25,C865588332,338859.38,543291.13,0,0
308,PAYMENT,19051.11,C1685939306,641.25,0,M2041545996,0,0,0,0
308,CASH_OUT,252467.68,C1665609160,15149,0,C350813733,32606.8,285074.48,0,0
308,PAYMENT,5316.49,C908859024,19541,14224.51,M964520459,0,0,0,0
308,CASH_IN,27518.54,C1023352781,11484,39002.54,C874051539,85687.1,58168.56,0,0
308,CASH_OUT,8432.32,C1720470775,11188,2755.68,C1727534575,1718412.2,1726844.52,0,0
308,PAYMENT,21690.84,C818044448,31242,9551.16,M1656571649,0,0,0,0
308,PAYMENT,10718.77,C653802988,2924,0,M580331056,0,0,0,0
308,CASH_IN,38439.04,C8806172,27946,66385.04,C545557265,1664702.77,1626263.73,0,0
308,CASH_OUT,259107.37,C143361346,31694,0,C702000961,844664.06,1103771.43,0,0
308,PAYMENT,19963.51,C1870384866,0,0,M1959187355,0,0,0,0
308,CASH_OUT,9155.58,C1175063712,50331,41175.42,C2115713905,0,9155.58,0,0
308,CASH_OUT,65327.37,C318714038,104,0,C1978254771,15537.19,80864.56,0,0
308,PAYMENT,5362.4,C599974101,28705,23342.6,M1633334589,0,0,0,0
308,PAYMENT,1732.01,C1998834362,10351,8618.99,M481439336,0,0,0,0
308,CASH_OUT,230109.23,C675455331,53871,0,C149614898,0,230109.23,0,0
308,PAYMENT,23072.01,C478480907,24849,1776.99,M1964664123,0,0,0,0
308,PAYMENT,7874.12,C2018956446,2004,0,M1159867214,0,0,0,0
308,PAYMENT,93.23,C1908647091,45910,45816.77,M1473651725,0,0,0,0
308,PAYMENT,21271.91,C434829389,105225,83953.09,M1304873061,0,0,0,0
308,PAYMENT,6160.84,C558631762,387,0,M1197253946,0,0,0,0
308,CASH_IN,181121.06,C163190028,56301,237422.06,C1106810540,80906.48,0,0,0
308,CASH_OUT,111577.85,C1925472702,237422.06,125844.21,C369520968,338236.51,449814.37,0,0
308,CASH_OUT,215805.87,C856941103,125844.21,0,C671486400,429122.35,644928.21,0,0
308,CASH_OUT,6663.15,C298120194,0,0,C1919269232,2796562.69,2803225.84,0,0
308,CASH_OUT,445429.73,C1217368387,0,0,C1599135837,900653.49,1346083.22,0,0
308,CASH_OUT,209626.8,C420987005,0,0,C96253098,780631.2,990258,0,0
308,CASH_OUT,279292.35,C892951530,0,0,C903493914,336644.27,615936.62,0,0
308,CASH_OUT,177017.54,C57400747,0,0,C1115891287,238769.45,415786.99,0,0
308,CASH_OUT,97126.05,C928665868,0,0,C1104744961,977471.93,1074597.98,0,0
308,CASH_OUT,72281.8,C283732914,0,0,C1373051936,235357.81,307639.61,0,0
308,CASH_OUT,439366.77,C1878037582,0,0,C921825569,465033.44,904400.21,0,0
308,CASH_OUT,4334.69,C841718430,0,0,C1709367907,435545.57,439880.26,0,0
308,CASH_OUT,241188.09,C1461485542,0,0,C1958438092,1126185.67,1367373.75,0,0
308,CASH_OUT,401131.81,C208874060,0,0,C1217732807,481553.04,882684.85,0,0
308,CASH_OUT,151258.71,C1741331816,0,0,C1411883511,632100.45,783359.16,0,0
308,CASH_OUT,220325.69,C156963941,0,0,C54239331,1047183.28,1267508.97,0,0
308,CASH_OUT,251061.41,C1032628711,0,0,C814930485,4867241.11,5118302.52,0,0
308,CASH_OUT,73737.71,C674813264,0,0,C1465991639,538649.96,612387.67,0,0
308,CASH_OUT,59570.9,C464137442,0,0,C1262482376,705041.31,764612.21,0,0
308,CASH_OUT,36633.21,C1241775054,0,0,C905902176,357237.24,393870.45,0,0
308,CASH_OUT,724093.02,C303608056,0,0,C1044745249,3714596.16,4438689.17,0,0
308,CASH_OUT,92113.69,C2086958526,0,0,C930434235,1075180.07,1167293.75,0,0
308,CASH_OUT,18664.49,C912497644,0,0,C1840921882,56678.9,75343.39,0,0
308,CASH_OUT,297345.58,C1668008805,0,0,C1110405123,36452772.91,36750118.49,0,0
308,CASH_OUT,50750.06,C874723456,0,0,C957966299,128656.23,179406.29,0,0
308,CASH_OUT,335754.96,C1798664767,0,0,C791958433,1118526.35,1454281.31,0,0
308,CASH_OUT,124303.43,C1101211726,0,0,C1272585514,895641.27,1019944.7,0,0
308,CASH_OUT,305330.39,C2083447804,0,0,C875551329,2680490.06,2985820.45,0,0
308,CASH_OUT,357569.56,C1373909953,0,0,C166473047,967073.56,1324643.13,0,0
308,CASH_OUT,62728.39,C285218632,0,0,C767893578,72372701.26,72633537.33,0,0
308,CASH_OUT,86660.1,C1228516478,0,0,C1381752176,332656.34,419316.43,0,0
308,CASH_OUT,9056.26,C1107527590,0,0,C703483386,156306.81,165363.08,0,0
308,CASH_OUT,98847.82,C839507484,0,0,C325057046,2468445.24,2567293.06,0,0
308,CASH_OUT,112740.28,C597828930,0,0,C695341023,1289037.18,1401777.46,0,0
308,CASH_OUT,133408.17,C670840596,0,0,C85400202,766505.67,899913.84,0,0
308,CASH_OUT,30053.09,C2031921914,0,0,C854633099,58836.65,88889.74,0,0
308,CASH_OUT,16509.34,C85549819,0,0,C2020994335,93104.39,111416.73,0,0
308,CASH_OUT,78262.09,C925093679,0,0,C392494547,2310005.27,2388267.37,0,0
308,CASH_OUT,268935.65,C1897994824,0,0,C316608736,5339425.11,5608360.76,0,0
308,CASH_OUT,464329.2,C1844848108,0,0,C55542957,10846282.52,11310611.72,0,0
308,CASH_OUT,255236.17,C599165971,0,0,C374983422,5128621.35,5383857.52,0,0
308,CASH_OUT,17098.57,C180712957,0,0,C2101320727,214606.66,231705.23,0,0
308,CASH_OUT,211845.75,C1934609847,0,0,C1860224734,10801988.51,11013834.26,0,0
308,CASH_OUT,232042.49,C801787767,0,0,C287621639,2938722.1,3170764.6,0,0
308,CASH_OUT,12075.36,C940284041,0,0,C1483477390,34996.82,47072.18,0,0
308,CASH_OUT,42586.94,C432044264,0,0,C2134644795,594359.86,636946.8,0,0
308,CASH_OUT,101060.43,C342830098,0,0,C1996435902,340184.11,441244.54,0,0
308,CASH_OUT,82812.56,C1763932191,0,0,C2093289910,1338969.61,1421782.16,0,0
308,CASH_OUT,146020.24,C218655330,0,0,C352071423,3037694.61,3183714.86,0,0
308,CASH_OUT,608449.86,C387269651,0,0,C1306575563,5296104.56,5904554.42,0,0
308,CASH_OUT,178049.96,C2063066463,0,0,C81343106,506865.56,684915.52,0,0
308,CASH_OUT,76930.43,C140937630,0,0,C1144789730,1406880.33,1483810.77,0,0
308,CASH_OUT,379578.75,C1190373770,0,0,C94480112,613025.97,992604.72,0,0
308,CASH_OUT,109769.82,C2080069787,0,0,C2051971168,248112.15,357881.97,0,0
308,CASH_OUT,8416.97,C1055098790,0,0,C1363142878,5381922.83,5390339.8,0,0
308,CASH_OUT,464647.71,C49664925,0,0,C2128766725,796549.91,1261197.62,0,0
308,CASH_OUT,96351.26,C1494324656,0,0,C444930543,968943.05,1065294.31,0,0
308,CASH_OUT,108705.86,C2014257545,0,0,C672942120,760856.37,869562.23,0,0
308,CASH_OUT,5170.47,C1525893017,0,0,C1763227182,534398.69,539569.16,0,0
308,CASH_OUT,149411.59,C1983258209,0,0,C1284547671,1835727.79,1985139.38,0,0
308,CASH_OUT,215537.51,C593471746,0,0,C72114584,482283.06,697820.57,0,0
308,CASH_OUT,146224.57,C576571273,0,0,C1395177907,734714,880938.58,0,0
308,CASH_OUT,458288.11,C1649574868,0,0,C640361065,1620082.14,2078370.24,0,0
308,CASH_OUT,385645.39,C617696489,0,0,C2096123412,454701.03,840346.43,0,0
308,CASH_OUT,319319.7,C2048456392,0,0,C1302620895,615285.25,934604.95,0,0
308,CASH_OUT,126604.86,C917837709,0,0,C1291052452,7902025.65,8303416.47,0,0
308,CASH_OUT,209423.15,C1083141804,0,0,C1010180646,4275427.75,4484850.9,0,0
308,CASH_OUT,216441.67,C1847051344,0,0,C88856481,931458,1147899.67,0,0
308,CASH_OUT,116745.54,C1392820716,0,0,C1425855526,791936.57,908682.11,0,0
308,CASH_OUT,13458.32,C1293139326,0,0,C1486686926,826010.81,839469.13,0,0
308,CASH_OUT,180614.77,C1985101950,0,0,C1408818614,3530842.34,3711457.1,0,0
308,CASH_OUT,308141.37,C641150880,0,0,C1993523971,366809.34,674950.71,0,0
308,CASH_OUT,100883.99,C1397330219,0,0,C1414681104,2788530,2889413.99,0,0
308,CASH_OUT,360965.83,C56704625,0,0,C1587162883,1058225.93,1419191.76,0,0
308,CASH_OUT,142221.28,C1733615571,0,0,C1751674118,147223.85,289445.13,0,0
308,CASH_OUT,177287.13,C2013378230,0,0,C1729146739,16752076.86,16929363.99,0,0
308,CASH_OUT,329488.26,C1734258772,0,0,C1711790560,1098320.27,1427808.54,0,0
308,CASH_OUT,136101.8,C1841727608,0,0,C1601930999,232400.12,368501.91,0,0
308,CASH_OUT,214162.42,C749566036,0,0,C1727166243,421772.96,635935.38,0,0
308,CASH_OUT,288726.38,C1500303217,0,0,C15927809,522176.29,658639.5,0,0
308,CASH_OUT,90953.02,C1268910104,0,0,C1985595286,1062704.31,1153657.33,0,0
308,CASH_OUT,193699.06,C318688348,0,0,C563141714,461085.8,654784.86,0,0
308,CASH_OUT,28009.57,C1440115087,0,0,C375537287,358570.71,386580.29,0,0
308,CASH_OUT,108674.67,C1795040003,0,0,C71371836,154400.13,263074.8,0,0
308,CASH_OUT,157582.85,C826741900,0,0,C516014435,400120.54,557703.39,0,0
308,CASH_OUT,28536.25,C1438626516,0,0,C1180055052,77842.05,106378.3,0,0
308,CASH_OUT,107525.37,C860038141,0,0,C838251414,1670316.46,1777841.84,0,0
308,CASH_OUT,84647.86,C683600045,0,0,C1044625047,1111192.88,1195840.73,0,0
308,CASH_OUT,58204.15,C567568962,0,0,C1098041480,1376446.08,1434650.23,0,0
308,CASH_OUT,133877.2,C164976062,0,0,C769895579,345799.47,479676.68,0,0
308,CASH_OUT,175615.55,C589546418,0,0,C381773090,1626463.98,1802079.54,0,0
308,CASH_OUT,258888.24,C2089266427,0,0,C1949048697,3965016.88,4223905.12,0,0
308,CASH_OUT,81469.98,C2122534739,0,0,C439225697,224599.16,306069.14,0,0
308,CASH_OUT,208419.79,C1566088600,0,0,C1586415182,785370.54,993790.33,0,0
308,CASH_OUT,145822.71,C1625025490,0,0,C1138496393,873791.21,1019613.92,0,0
308,CASH_OUT,346908.69,C570061638,0,0,C737353726,2740433.07,3087341.77,0,0
308,CASH_OUT,48533.08,C1164397053,0,0,C379377775,324463.92,372997,0,0
308,CASH_OUT,43718.21,C1556789396,0,0,C311362548,91120.48,134838.69,0,0
308,CASH_OUT,5814.42,C1676696996,0,0,C260404138,2013686.28,2019500.7,0,0
308,CASH_OUT,93018.24,C300053215,0,0,C415536834,158150.18,251168.42,0,0
308,CASH_OUT,136030.09,C1849031103,0,0,C1872556989,424520.71,560550.8,0,0
308,CASH_OUT,30340.83,C1739780853,0,0,C358527480,155993.63,186334.46,0,0
308,CASH_OUT,38100.84,C105815770,0,0,C2036515212,508726.53,546827.37,0,0
308,CASH_OUT,73537.58,C70807622,0,0,C682730605,2216499.31,2290036.89,0,0
308,CASH_OUT,183076.11,C1166121343,0,0,C469594432,2594317.41,2777393.51,0,0
308,CASH_OUT,134143.55,C894762592,0,0,C1759961795,2722671.39,2856814.94,0,0
308,CASH_OUT,113525.99,C1193152094,0,0,C345935211,426986.85,540512.84,0,0
308,CASH_OUT,107588.06,C14937275,0,0,C577542138,215720.25,323308.31,0,0
308,CASH_OUT,137886.01,C1231083449,0,0,C1247179100,163091.9,300977.91,0,0
308,CASH_OUT,153276.15,C1532331787,0,0,C321915365,292484.15,445760.3,0,0
308,CASH_OUT,59778.28,C1812860609,0,0,C929989730,5345728.89,5405507.17,0,0
308,CASH_OUT,165161.24,C1930928591,0,0,C1550187391,285193.86,450355.1,0,0
308,CASH_OUT,142873.01,C1015377163,0,0,C155669490,413939.45,556812.46,0,0
308,CASH_OUT,626009.13,C1268766799,0,0,C326902097,1601183.43,2227192.55,0,0
308,CASH_OUT,144735.45,C1467723771,0,0,C1087968133,763962.11,908697.56,0,0
308,CASH_OUT,56156.79,C430732546,0,0,C80486898,9772049.43,9828206.22,0,0
308,CASH_OUT,31268.21,C240561673,0,0,C147799591,2095636.88,2126905.09,0,0
308,CASH_OUT,49815,C1002328620,0,0,C1852655910,1440019.04,1489834.03,0,0
308,CASH_OUT,58152.33,C833631959,0,0,C1054032122,1415703.88,1473856.21,0,0
308,CASH_OUT,98634.8,C1271808390,0,0,C846046552,318159.77,416794.58,0,0
308,CASH_OUT,108126.47,C1884526608,0,0,C877627485,154704.67,262831.14,0,0
308,CASH_OUT,197768.68,C959810308,0,0,C1443885742,7365642.4,7563411.08,0,0
308,CASH_OUT,164668.55,C151192699,0,0,C913143653,2998581.27,3163249.82,0,0
308,CASH_OUT,163617.8,C813217452,0,0,C2049104648,260816.01,424433.81,0,0
308,CASH_OUT,224545.25,C1543973803,0,0,C123558440,5127821.94,5352367.19,0,0
308,CASH_OUT,200111.03,C1241507460,0,0,C960377529,2585011.89,2785122.92,0,0
308,CASH_OUT,204833.37,C1489896220,0,0,C1382131243,991302.84,1196136.2,0,0
308,CASH_OUT,158059.12,C762708863,0,0,C520506639,7968125.63,8126184.76,0,0
308,CASH_OUT,456883.11,C1212759817,0,0,C2133955672,1893737.12,2350620.23,0,0
308,CASH_OUT,65965.32,C2125736770,0,0,C1870634908,403619.8,469585.11,0,0
308,CASH_OUT,252179.14,C1456079211,0,0,C1067154864,326257.44,578436.59,0,0
308,CASH_OUT,99034.01,C1270521142,0,0,C1867851437,380998.88,480032.89,0,0
308,CASH_OUT,5616.5,C1250579007,0,0,C952126687,132416.12,138032.62,0,0
308,CASH_OUT,22151.02,C356228631,0,0,C1497565561,110139.39,132290.41,0,0
308,CASH_OUT,65522.98,C335287426,0,0,C347043850,171573.1,237096.08,0,0
308,CASH_OUT,61231.32,C204503270,0,0,C1998683159,560251.61,621482.93,0,0
308,CASH_OUT,43229.35,C347326709,0,0,C166568187,940634.74,983864.1,0,0
308,CASH_OUT,301473.81,C1563506514,0,0,C464375758,705915.49,1007389.31,0,0
308,CASH_OUT,70544.1,C773484658,0,0,C1505470163,122328.23,192872.33,0,0
308,CASH_OUT,114185.67,C560126495,0,0,C211641673,637702.91,751888.57,0,0
308,CASH_OUT,1017.22,C731663014,0,0,C499002114,2794222.01,2795239.24,0,0
308,CASH_OUT,157217.82,C2135122720,0,0,C825039161,209148.84,366366.66,0,0
308,CASH_OUT,48466.74,C44504410,0,0,C934175238,3380871.7,3429338.44,0,0
308,CASH_OUT,165792.34,C891454771,0,0,C1142674025,937261.92,1103054.26,0,0
308,CASH_OUT,158132.64,C2082615371,0,0,C596920573,4519145.47,4677278.11,0,0
308,CASH_OUT,628290.32,C404493964,0,0,C263323429,1605201.13,2233491.45,0,0
308,CASH_OUT,167598.6,C573295888,0,0,C426431845,383040.54,550639.14,0,0
308,CASH_OUT,332226.18,C50450299,0,0,C46928126,813582.86,1145809.04,0,0
308,CASH_OUT,127048.08,C1850480440,0,0,C1214687061,20775419.02,20902467.1,0,0
308,CASH_OUT,255933.98,C379372555,0,0,C1326679974,479438.61,735372.59,0,0
308,CASH_OUT,303713.2,C1780729989,0,0,C1867562315,1795623.15,2099336.36,0,0
308,CASH_OUT,133028.36,C1741994157,0,0,C231400310,475342.81,608371.17,0,0
308,TRANSFER,870888.84,C1764726456,9901,0,C1218555973,503402.61,1374291.45,0,0
308,CASH_IN,301926.76,C425966346,330607,632533.76,C797458861,1038.32,0,0,0
308,CASH_OUT,280017.52,C1844457283,31991,0,C1681775243,98917.11,378934.64,0,0
308,CASH_OUT,94280.82,C790881152,0,0,C1182423356,1991640.38,2085921.2,0,0
308,CASH_OUT,30361.46,C984365706,29941,0,C1436481929,139732.13,170093.6,0,0
308,PAYMENT,9964.23,C1049853246,110740,100775.77,M1391839128,0,0,0,0
308,PAYMENT,11573.81,C1652162981,11478,0,M970530570,0,0,0,0
308,PAYMENT,38501.03,C470220674,0,0,M1622356637,0,0,0,0
308,PAYMENT,15843.14,C1383489543,16201,357.86,M589698060,0,0,0,0
308,CASH_OUT,45187.94,C150410501,357.86,0,C381858330,421117.39,466305.33,0,0
308,PAYMENT,11918.13,C1898576220,41550,29631.87,M272554278,0,0,0,0
308,PAYMENT,7401.28,C53160281,29631.87,22230.59,M860117764,0,0,0,0
308,CASH_IN,300345.67,C228177705,21190,321535.67,C1315924613,81789.1,0,0,0
308,CASH_OUT,181554.93,C1804122197,21607,0,C2067244718,0,181554.93,0,0
308,PAYMENT,12073.97,C825439644,6083,0,M540984517,0,0,0,0
308,CASH_OUT,8158.07,C1616781076,734,0,C563014603,5896.67,14054.74,0,0
308,CASH_OUT,130905.52,C1312442714,719471,588565.48,C1509404039,356606.23,487511.75,0,0
308,CASH_OUT,86590.62,C1720519380,11555,0,C1970676753,130412.34,217002.96,0,0
308,PAYMENT,17337.59,C809759276,49812,32474.41,M544603535,0,0,0,0
308,CASH_OUT,327849.83,C1016664130,16190,0,C733925440,0,327849.83,0,0
308,CASH_IN,1168.78,C843871919,70446,71614.78,C76240212,0,0,0,0
308,CASH_OUT,163057.76,C489758808,24905,0,C1824864796,34116.97,197174.73,0,0
308,PAYMENT,13181.92,C304562164,0,0,M1716008690,0,0,0,0
308,PAYMENT,45685.35,C929095066,0,0,M600246478,0,0,0,0
308,PAYMENT,5806.32,C146037725,0,0,M803996575,0,0,0,0
308,PAYMENT,5568.12,C508663797,0,0,M88833417,0,0,0,0
308,PAYMENT,8405.29,C797680718,0,0,M1622457051,0,0,0,0
308,PAYMENT,30408.96,C1917347591,0,0,M749861874,0,0,0,0
308,PAYMENT,42881.5,C1592427518,0,0,M458070170,0,0,0,0
308,PAYMENT,23586.15,C705475755,0,0,M163689587,0,0,0,0
308,PAYMENT,11558.16,C62792646,0,0,M1950409315,0,0,0,0
308,PAYMENT,9416.41,C1000778156,0,0,M1061216391,0,0,0,0
308,PAYMENT,8187.39,C1293042874,0,0,M1043522689,0,0,0,0
308,PAYMENT,2876.35,C819446050,0,0,M137059175,0,0,0,0
308,PAYMENT,14526.03,C1472457036,0,0,M2122062297,0,0,0,0
308,PAYMENT,27920.6,C1881934309,0,0,M571380964,0,0,0,0
308,PAYMENT,6350.18,C1791983712,0,0,M1952710193,0,0,0,0
308,PAYMENT,1948.19,C1678811769,0,0,M846177195,0,0,0,0
308,PAYMENT,4523.44,C607512838,0,0,M1330387399,0,0,0,0
308,PAYMENT,4793.51,C774797629,0,0,M1628698024,0,0,0,0
308,PAYMENT,6239.45,C1785027925,30896,24656.55,M1170797567,0,0,0,0
308,CASH_OUT,135843.42,C410160618,24656.55,0,C613510790,2002519.89,2138363.31,0,0
308,CASH_OUT,266939.53,C1714587129,0,0,C1729930749,465027.14,731966.67,0,0
308,CASH_OUT,129963.82,C654173087,12543,0,C1072495256,0,129963.82,0,0
308,CASH_IN,167854.47,C615033780,6471,174325.47,C1526577423,618702.06,450847.59,0,0
308,CASH_OUT,87414.09,C674856726,100113,12698.91,C71279389,439678,527092.09,0,0
308,PAYMENT,17875.5,C1515596453,1578,0,M335469419,0,0,0,0
308,PAYMENT,12240.4,C1927948203,40619,28378.6,M298333999,0,0,0,0
308,TRANSFER,138193.5,C2048930993,28378.6,0,C1848405358,355857.48,494050.98,0,0
308,TRANSFER,36005.39,C534809885,0,0,C477701241,109357.55,145362.94,0,0
308,TRANSFER,267700.82,C1016342069,0,0,C547423092,673156.93,940857.75,0,0
308,TRANSFER,49987.36,C1823805383,16012,0,C889070995,179904.57,62057.48,0,0
308,CASH_OUT,116141.33,C399190876,37436,0,C1270607719,3063282.58,3179423.91,0,0
308,TRANSFER,901116.97,C207144157,0,0,C2089355907,2989898,3891014.96,0,0
308,PAYMENT,13456.57,C299953901,20648,7191.43,M1433341985,0,0,0,0
308,CASH_OUT,167434.1,C464535579,179051,11616.9,C389310837,777691.59,945125.69,0,0
308,PAYMENT,26351.83,C1359221148,1163,0,M1199905495,0,0,0,0
308,CASH_IN,41202.71,C1783034910,243169,284371.71,C2111061207,0,0,0,0
308,CASH_OUT,166936.61,C1936703957,284371.71,117435.1,C1951147537,1562206.21,1729142.83,0,0
308,CASH_IN,82013.83,C35043029,143905,225918.83,C1431974549,501003.55,418989.72,0,0
308,PAYMENT,15364.24,C1839880162,30496,15131.76,M814856269,0,0,0,0
308,CASH_OUT,8467.44,C1040033507,1505,0,C1555071778,355507.6,363975.04,0,0
308,CASH_OUT,85049.35,C174722967,40724,0,C1750122453,1488921.64,1573970.99,0,0
308,CASH_IN,140584.4,C893406335,31186,171770.4,C934403313,2492631.74,2352047.33,0,0
308,PAYMENT,21553.91,C137288010,12407,0,M1488239634,0,0,0,0
308,CASH_OUT,9924.97,C41420324,512,0,C2037620436,106700.36,116625.32,0,0
308,CASH_OUT,324162.32,C904696224,0,0,C1242533906,987031.88,1311194.21,0,0
308,CASH_OUT,22665.97,C1274473182,205768,183102.03,C100149087,26811.81,49477.78,0,0
308,PAYMENT,21584.41,C920624030,16607,0,M1951724103,0,0,0,0
308,CASH_OUT,158302.4,C635706620,42973,0,C434657756,0,158302.4,0,0
308,PAYMENT,8624.27,C1505272452,11349,2724.73,M326226246,0,0,0,0
308,PAYMENT,35342.93,C1088741285,2724.73,0,M1172449465,0,0,0,0
308,CASH_OUT,83164.26,C1498549763,411460,328295.74,C1188290853,0,83164.26,0,0
308,PAYMENT,23971.9,C1144266638,19414,0,M575400282,0,0,0,0
308,PAYMENT,26740.63,C1991817802,0,0,M1062441096,0,0,0,0
308,PAYMENT,5518.56,C1543450755,0,0,M637731743,0,0,0,0
308,PAYMENT,8977.72,C358258687,0,0,M909017612,0,0,0,0
308,PAYMENT,20600.52,C351786850,0,0,M710287768,0,0,0,0
308,PAYMENT,5774.96,C1811066434,0,0,M697204690,0,0,0,0
308,PAYMENT,11777.52,C65597766,0,0,M405359170,0,0,0,0
308,PAYMENT,191.39,C1717004219,0,0,M1014887500,0,0,0,0
308,PAYMENT,6914.51,C2019250244,0,0,M720535127,0,0,0,0
308,PAYMENT,62436.33,C2001059341,0,0,M608828221,0,0,0,0
308,PAYMENT,9270.08,C103958144,0,0,M1057718487,0,0,0,0
308,PAYMENT,48901.67,C1709499629,0,0,M245328767,0,0,0,0
308,PAYMENT,38379.74,C437074538,0,0,M2036534468,0,0,0,0
308,PAYMENT,21044.5,C1004686473,0,0,M1314069529,0,0,0,0
308,PAYMENT,16940.24,C1040097747,205151,188210.76,M1553633156,0,0,0,0
308,CASH_IN,76464.11,C1966409370,11164,87628.11,C1199448432,192001.96,115537.85,0,0
308,CASH_OUT,2218.76,C592474097,62246,60027.24,C276676591,0,2218.76,0,0
308,CASH_OUT,112951.86,C1802023537,21536,0,C1581343116,741754.47,854706.33,0,0
308,CASH_OUT,17204.8,C1661400631,55040,37835.2,C81329589,0,17204.8,0,0
308,PAYMENT,4979.77,C1054489883,515,0,M517337814,0,0,0,0
308,CASH_IN,207161.63,C805318727,1111,208272.63,C1453947631,12069409.38,11862247.75,0,0
308,TRANSFER,278248.14,C1684262718,208272.63,0,C814206994,387877.37,666125.51,0,0
308,TRANSFER,549603.54,C197002316,0,0,C499301107,681605.33,1231208.87,0,0
308,TRANSFER,93359.22,C978060463,0,0,C550521374,901944.21,995303.42,0,0
308,TRANSFER,946402.13,C201300393,0,0,C670378168,7611570.62,8557972.75,0,0
308,TRANSFER,1852727.81,C1897901527,0,0,C1384256192,13418813.76,15271541.57,0,0
308,TRANSFER,2075039.72,C175659996,0,0,C453211571,20736428.19,22811467.91,0,0
308,TRANSFER,103454.71,C1355505472,0,0,C999283069,105717.94,209172.65,0,0
308,TRANSFER,683694.43,C663664161,0,0,C1192446625,8196777.68,8880472.1,0,0
308,TRANSFER,1831037.34,C729011730,0,0,C76236725,3510689.87,5341727.21,0,0
308,TRANSFER,3549722.81,C1671290395,0,0,C1741420953,5129551.73,8679274.54,0,0
308,TRANSFER,7368638.02,C1772530807,0,0,C600464260,11164462.21,18533100.23,0,0
308,TRANSFER,54548.66,C1003172060,0,0,C1729983175,126153.74,180702.4,0,0
308,TRANSFER,237354.78,C238920433,0,0,C847453707,395367.17,632721.95,0,0
308,TRANSFER,1358196.16,C56481835,0,0,C596777611,4632874.02,5991070.18,0,0
308,TRANSFER,71928.67,C1598298403,0,0,C687020951,3439486.77,3511415.44,0,0
308,TRANSFER,944548.55,C1038847943,0,0,C1207236875,1544756.93,2489305.47,0,0
308,TRANSFER,8857.83,C1587714209,0,0,C2118524350,3175621.94,3184479.78,0,0
308,TRANSFER,246263.46,C861118430,0,0,C1654566107,2722146.49,2968409.95,0,0
308,CASH_IN,162939.04,C1285621142,356111,519050.04,C2076503736,0,0,0,0
308,PAYMENT,9464.24,C768949874,12527,3062.76,M1735970041,0,0,0,0
308,PAYMENT,10305.59,C1224348327,232591,222285.41,M213070747,0,0,0,0
308,CASH_OUT,22354.25,C135379665,222285.41,199931.17,C724284520,239156.58,261510.82,0,0
308,PAYMENT,10063.36,C690991150,5306,0,M827908230,0,0,0,0
308,CASH_IN,52418.94,C618803933,140132,192550.94,C1627877332,0,0,0,0
308,PAYMENT,14257.63,C555795362,15335,1077.37,M1968875880,0,0,0,0
308,PAYMENT,13744.14,C57686933,1077.37,0,M909215228,0,0,0,0
308,PAYMENT,40655.25,C288062795,0,0,M823826415,0,0,0,0
308,DEBIT,7.32,C867483338,11696,11688.68,C14376585,16191073.13,16191080.45,0,0
308,CASH_OUT,239885.59,C160486181,495,0,C398957560,0,239885.59,0,0
308,CASH_OUT,128679.18,C1134241401,0,0,C926129177,2716077.26,2844756.43,0,0
308,CASH_OUT,95231.28,C643523594,0,0,C82828442,184561.35,279792.62,0,0
308,CASH_OUT,241003.53,C806341861,0,0,C1263103612,831116.02,1072119.55,0,0
308,CASH_OUT,198107.69,C1057568826,0,0,C767893578,72435429.64,72633537.33,0,0
308,CASH_OUT,194967.23,C624654668,0,0,C946521685,3915917.81,3829007.29,0,0
308,CASH_OUT,43083.17,C1488790229,0,0,C1392886042,488693.19,531776.37,0,0
308,CASH_OUT,175527.04,C379299267,0,0,C354977148,1217680.72,1393207.76,0,0
308,CASH_OUT,235552.45,C1613072322,0,0,C818858785,3745906.53,3981458.98,0,0
308,CASH_OUT,134254.66,C514483091,0,0,C1861782882,475184.23,609438.88,0,0
308,CASH_OUT,296413.56,C800080153,0,0,C646090637,678976.38,975389.94,0,0
308,CASH_OUT,232894.75,C1691245713,0,0,C45254776,4347115.44,4580010.19,0,0
308,PAYMENT,12473.71,C681172061,39215,26741.29,M1700959270,0,0,0,0
308,CASH_IN,252214.13,C1224190234,16131,268345.13,C932239325,25579.2,0,0,0
308,PAYMENT,26068,C1590386241,99363,73295,M945167089,0,0,0,0
308,CASH_IN,152755.84,C1239706233,195802,348557.84,C216577541,686866.75,534110.9,0,0
308,PAYMENT,10079.04,C1018082598,113,0,M949214628,0,0,0,0
308,CASH_IN,182529.68,C807061973,104630,287159.68,C639975134,0,0,0,0
308,PAYMENT,2782.7,C1514658317,76020,73237.3,M319374310,0,0,0,0
308,TRANSFER,105153.73,C902943454,73237.3,0,C1918276832,1170692.84,1275846.57,0,0
308,PAYMENT,7235.42,C1399054800,82114,74878.58,M923852291,0,0,0,0
308,TRANSFER,231268.91,C1860156788,74878.58,0,C855864411,3028236.4,3259505.31,0,0
308,PAYMENT,8726.59,C1428407635,7011,0,M428000070,0,0,0,0
308,PAYMENT,41657.67,C684979891,0,0,M1005902528,0,0,0,0
308,CASH_OUT,333342.99,C1891010992,10384,0,C577372065,0,333342.99,0,0
308,PAYMENT,7803.57,C2141318163,42241,34437.43,M1215363898,0,0,0,0
308,TRANSFER,608184.75,C1439631918,34437.43,0,C2080822815,7770191.32,8378376.07,0,0
308,CASH_OUT,180608.91,C300999214,62083,0,C2073108881,3821993.74,4002602.65,0,0
308,TRANSFER,224975.17,C1640060279,0,0,C562930169,5375863.52,5600838.69,0,0
308,TRANSFER,304888.35,C782748510,0,0,C1514026195,452331.44,757219.79,0,0
308,CASH_OUT,122525.21,C60041950,33679,0,C1386492161,386673.78,509198.99,0,0
308,CASH_OUT,146522.52,C367216912,13563,0,C1220141532,182437.3,328959.82,0,0
308,CASH_OUT,148465.93,C2120404022,41559,0,C160624662,184142.09,332608.02,0,0
308,CASH_OUT,144311.32,C1854870943,25168,0,C1378848919,0,144311.32,0,0
308,PAYMENT,7326.73,C1282347082,0,0,M1137404702,0,0,0,0
308,CASH_IN,109052.2,C723520557,598129,707181.2,C1661073780,294764.99,185712.79,0,0
308,PAYMENT,11875.58,C1033226043,707181.2,695305.62,M164396419,0,0,0,0
308,PAYMENT,12773.8,C298284095,30644,17870.2,M984433486,0,0,0,0
308,CASH_OUT,53501.44,C689104703,17870.2,0,C1965578249,625195.09,678696.52,0,0
308,CASH_OUT,147496.16,C1129887739,0,0,C867839006,161005.33,308501.49,0,0
308,CASH_OUT,229485.9,C1771324707,0,0,C657209682,672283.4,901769.3,0,0
308,CASH_OUT,204010.83,C972278892,0,0,C397763629,2383678.87,2521180.67,0,0
308,PAYMENT,7896.75,C132575090,23485,15588.25,M17266458,0,0,0,0
308,CASH_OUT,134937.81,C1248954180,50469,0,C350840573,225485.23,360423.04,0,0
308,PAYMENT,3757.3,C1841738442,0,0,M1575705983,0,0,0,0
308,CASH_IN,206001.72,C1743675007,49681,255682.72,C1947845192,0,0,0,0
308,CASH_IN,201314.54,C560184929,65340,266654.54,C643606342,0,0,0,0
308,TRANSFER,1588790.09,C2037061733,11050,0,C784726705,5697917.19,7286707.29,0,0
308,CASH_IN,165520.58,C2129437330,9255,174775.58,C293883370,0,0,0,0
308,TRANSFER,145457,C1810110102,174775.58,29318.59,C908722349,160597.43,306054.43,0,0
308,PAYMENT,12369.38,C1472740669,3163,0,M1992408977,0,0,0,0
308,CASH_OUT,128835.66,C1830976489,125987,0,C440573254,29090.9,157926.57,0,0
308,CASH_OUT,25674.84,C641302653,49699,24024.16,C1861010614,25111.56,50786.4,0,0
308,CASH_OUT,55991.28,C814641234,33933,0,C2005101913,1050576.16,1106567.45,0,0
308,PAYMENT,8790.47,C1271426277,99099,90308.53,M894155590,0,0,0,0
308,CASH_OUT,640.45,C1604059130,40255,39614.55,C312355860,84554.9,85195.35,0,0
308,CASH_OUT,201877.71,C475273403,116,0,C1941620631,2488968.46,2690846.17,0,0
308,PAYMENT,158.93,C343138448,2200,2041.07,M2081093843,0,0,0,0
308,CASH_OUT,226477.28,C2096016519,49496,0,C890398008,0,226477.28,0,0
308,CASH_IN,94045.97,C1078194785,125,94170.97,C895998190,0,0,0,0
308,CASH_OUT,6133.44,C1270869401,22270,16136.56,C2049295882,50600.46,56733.89,0,0
308,PAYMENT,24388.07,C1624791133,20994,0,M1767590485,0,0,0,0
308,PAYMENT,15887.06,C919891429,54997,39109.94,M36937091,0,0,0,0
308,CASH_OUT,66338.03,C545994536,322737,256398.97,C509413687,0,66338.03,0,0
308,CASH_IN,107782.81,C322029710,171,107953.81,C1018700494,0,0,0,0
308,PAYMENT,5727.49,C102708296,13733,8005.51,M408845965,0,0,0,0
308,CASH_OUT,53782.75,C1637169369,32462,0,C844479249,19677.96,73460.71,0,0
308,CASH_OUT,123458.71,C2088626653,0,0,C1482392224,167105.29,290563.99,0,0
308,CASH_OUT,275429.33,C62861166,6006,0,C1808644604,0,275429.33,0,0
308,CASH_OUT,106235.9,C1761514370,105607,0,C1518510288,0,106235.9,0,0
308,PAYMENT,32657.88,C551890356,0,0,M860162932,0,0,0,0
308,CASH_OUT,133165.6,C1232836141,13463,0,C183837707,0,133165.6,0,0
308,PAYMENT,16367.4,C1426419203,51586,35218.6,M1543795098,0,0,0,0
308,PAYMENT,36113.36,C1191301061,35218.6,0,M1390343158,0,0,0,0
308,CASH_OUT,252933.11,C743832280,292,0,C1959692383,64380.99,317314.1,0,0
308,PAYMENT,1280.49,C1403176553,7906,6625.51,M445924415,0,0,0,0
308,CASH_OUT,32278.71,C1064326616,1983,0,C2097106754,11726529.13,11758807.83,0,0
308,PAYMENT,28518.78,C1022421972,0,0,M2040853421,0,0,0,0
308,PAYMENT,15982.1,C1093264666,0,0,M2085271154,0,0,0,0
308,PAYMENT,3377.73,C1197431908,0,0,M431548089,0,0,0,0
308,PAYMENT,15472.31,C389534113,0,0,M1055333395,0,0,0,0
308,PAYMENT,22390.53,C57068503,0,0,M1563785260,0,0,0,0
308,PAYMENT,22420.44,C1957040370,0,0,M1915198961,0,0,0,0
308,PAYMENT,2102.01,C1202374673,0,0,M833105104,0,0,0,0
308,CASH_OUT,140670.78,C1976408983,42924,0,C1585936054,0,140670.78,0,0
308,PAYMENT,12701.45,C1003182282,158473,145771.55,M707851746,0,0,0,0
308,PAYMENT,9849.26,C1510904536,145771.55,135922.29,M1132903213,0,0,0,0
308,CASH_IN,127399.2,C585807519,105261,232660.2,C53606238,123297.56,0,0,0
308,PAYMENT,4938.62,C265865413,232660.2,227721.58,M569250740,0,0,0,0
308,CASH_OUT,188705.91,C1472699255,5569,0,C635134225,317603.8,506309.71,0,0
308,PAYMENT,1071.42,C552501598,511367,510295.58,M1765407590,0,0,0,0
308,PAYMENT,567.25,C941307462,306850,306282.75,M1399590417,0,0,0,0
308,CASH_OUT,15743.08,C131895635,306282.75,290539.67,C1319567742,23865.79,39608.87,0,0
308,CASH_IN,9289.56,C563656709,21760,31049.56,C132134400,0,0,0,0
308,CASH_OUT,50045.74,C1087374198,3038,0,C1964607892,380794,430839.74,0,0
308,PAYMENT,5756.33,C1946128891,0,0,M273334494,0,0,0,0
308,PAYMENT,11232.39,C1953897026,0,0,M880638985,0,0,0,0
308,PAYMENT,9733.52,C998392628,122796,113062.48,M2097686698,0,0,0,0
308,CASH_IN,254469.77,C971540803,33630,288099.77,C1428855574,31859.01,0,0,0
308,PAYMENT,24449.98,C1722427203,288099.77,263649.8,M1335378753,0,0,0,0
308,PAYMENT,9933.16,C1944682336,92440,82506.84,M238437071,0,0,0,0
308,PAYMENT,16674.18,C957475957,316,0,M874394205,0,0,0,0
308,PAYMENT,1737.29,C204757441,0,0,M816333490,0,0,0,0
308,PAYMENT,27631.5,C116155030,0,0,M1134896332,0,0,0,0
308,CASH_IN,92567.99,C1844545320,515560,608127.99,C511626677,1766.58,0,0,0
308,CASH_OUT,233699.25,C532608502,5451,0,C288571725,0,233699.25,0,0
308,TRANSFER,1303347.02,C2057559109,54550,0,C1730301667,0,1303347.02,0,0
308,CASH_IN,54634.07,C273286297,51424,106058.07,C1054952414,19380.7,0,0,0
308,PAYMENT,7782.6,C1910708607,21327,13544.4,M421155824,0,0,0,0
308,CASH_OUT,146731.5,C2109728098,5558,0,C501871009,0,146731.5,0,0
308,CASH_OUT,285422.94,C1024546944,5058,0,C1075584822,453018.15,738441.09,0,0
308,CASH_OUT,200199.61,C1422956220,3018,0,C1783288937,138677.74,338877.34,0,0
308,CASH_OUT,125906.85,C530504197,33551,0,C1611956210,68118.52,194025.37,0,0
308,CASH_OUT,57857.09,C487110753,18540,0,C1753251137,2545223.81,2692761.65,0,0
308,CASH_OUT,304162.7,C711603736,366,0,C797208517,338266.05,642428.75,0,0
308,PAYMENT,17561.72,C2053058719,106,0,M335057699,0,0,0,0
308,PAYMENT,562.74,C1265363597,16594,16031.26,M810209038,0,0,0,0
308,CASH_OUT,125227.1,C865258064,831,0,C1326746960,21913.09,147140.19,0,0
308,CASH_IN,150428.78,C1680094858,44576,195004.78,C1789226578,0,0,0,0
308,CASH_IN,92227.93,C1880065793,100599,192826.93,C1412203774,1442123.87,1349895.94,0,0
308,CASH_IN,17044.46,C383452337,11161,28205.46,C715680111,1142839,1125794.54,0,0
308,TRANSFER,501247.58,C859741296,31932,0,C815002175,0,501247.58,0,0
308,PAYMENT,7145.88,C1995144443,74692,67546.12,M2060507816,0,0,0,0
308,CASH_OUT,160449.01,C878753743,72542,0,C1290707578,540128.63,700577.64,0,0
308,TRANSFER,14385.71,C1945788463,615314,600928.29,C1040314939,0,14385.71,0,0
308,CASH_OUT,154960.18,C1583076879,740,0,C1220410136,1506864.47,1661824.65,0,0
308,PAYMENT,7843.31,C572670710,9062,1218.69,M323835826,0,0,0,0
308,CASH_OUT,346838.2,C865511148,1207,0,C529750271,1737259.12,2084097.32,0,0
308,CASH_IN,30202.73,C872281407,5500,35702.73,C1042809018,1264.78,0,0,0
308,PAYMENT,323.29,C66597956,136,0,M2062615374,0,0,0,0
308,CASH_OUT,156674.07,C2086042426,8037,0,C1936591289,0,156674.07,0,0
308,CASH_IN,59183.99,C551435650,10598,69781.99,C706004748,337007.33,277823.34,0,0
308,PAYMENT,22526.05,C1648785353,100086,77559.95,M283112380,0,0,0,0
308,PAYMENT,7188.88,C1595917622,886,0,M251445626,0,0,0,0
308,CASH_OUT,61796.42,C1607796563,29956,0,C1301993554,0,61796.42,0,0
308,PAYMENT,20343.81,C821579014,14631,0,M300882010,0,0,0,0
308,CASH_IN,172035.01,C2045832204,10621,182656.01,C1746955263,66272.53,0,0,0
308,CASH_OUT,39929.26,C241734654,536,0,C571794538,0,39929.26,0,0
308,CASH_IN,332582.26,C2089451336,3028,335610.26,C1138105020,291519.84,0,0,0
308,CASH_OUT,2726.16,C357471563,154945.77,152219.61,C1847753717,0,2726.16,0,0
308,PAYMENT,66941.71,C1797299042,152219.61,85277.89,M563937947,0,0,0,0
308,CASH_OUT,88979.26,C247613919,81684,0,C288714179,148898.26,237877.52,0,0
308,PAYMENT,2564.35,C1875337601,346510,343945.65,M5442704,0,0,0,0
308,CASH_OUT,77909.13,C1226002395,49364,0,C1729891129,283617.91,361527.04,0,0
308,PAYMENT,23047.49,C1434680215,0,0,M27055055,0,0,0,0
308,CASH_OUT,8617.19,C431192288,31466,22848.81,C842260863,56095.11,64712.3,0,0
308,CASH_OUT,253040.14,C1242403226,31159,0,C1753859226,0,253040.14,0,0
308,CASH_OUT,84648.84,C68945039,125741,41092.16,C1133751517,204643.31,289292.15,0,0
308,PAYMENT,31675.48,C1668918632,250283,218607.52,M1628417439,0,0,0,0
308,CASH_OUT,170192.27,C1202217317,32202,0,C1293542552,224651.81,394844.08,0,0
308,CASH_OUT,100823.45,C594816355,96,0,C234343669,150931.03,251754.48,0,0
308,CASH_OUT,148152.7,C231261832,135108,0,C1078811298,3607052.5,3755205.2,0,0
308,CASH_OUT,267146.23,C297267707,20508,0,C963797325,0,267146.23,0,0
308,PAYMENT,6326.95,C353376737,8089,1762.05,M386740501,0,0,0,0
308,CASH_OUT,273255.29,C1555712506,112048,0,C1792450010,3001370.59,3274625.88,0,0
308,TRANSFER,126495.91,C1915507647,0,0,C938626917,1978391.37,2104887.28,0,0
308,CASH_IN,28701.34,C1734771466,49795,78496.34,C988769199,30591872.45,30563171.11,0,0
308,CASH_IN,456074.6,C429757290,15189,471263.6,C214982726,1081719.39,625644.78,0,0
308,PAYMENT,59491.88,C401013818,471263.6,411771.73,M130544850,0,0,0,0
308,PAYMENT,1806.41,C1424644595,411771.73,409965.32,M555325127,0,0,0,0
308,CASH_OUT,84566.32,C29272562,403894,319327.68,C1845959353,2027249.55,2111815.87,0,0
308,CASH_OUT,94191.21,C971484275,33785,0,C1790077321,120287.83,214479.04,0,0
308,CASH_OUT,112648,C1069830013,99544,0,C1658796349,0,112648,0,0
308,CASH_OUT,55689.72,C1376143852,0,0,C1342317465,165542.21,221231.93,0,0
308,CASH_IN,209716.09,C637766503,175498,385214.09,C1829796806,665461.42,455745.32,0,0
308,PAYMENT,15118.81,C579022816,35219,20100.19,M1059136362,0,0,0,0
308,CASH_IN,16517.56,C1594381387,115621,132138.56,C890039247,12432059.59,12415542.03,0,0
308,CASH_OUT,210554.34,C1709876350,12400,0,C1056753565,76012.99,286567.33,0,0
308,CASH_OUT,46067.79,C1588427532,10024,0,C1255020416,142982.48,189050.27,0,0
308,CASH_OUT,126023.23,C1747003840,12746,0,C646626570,15377.83,141401.06,0,0
308,CASH_IN,275971.41,C1964409475,52546,328517.41,C2043366018,0,0,0,0
308,PAYMENT,11373.66,C1173291275,8537,0,M1882159009,0,0,0,0
308,CASH_OUT,95482.47,C287391565,0,0,C286522383,601957.84,697440.31,0,0
308,CASH_OUT,229347.34,C1348642160,203940,0,C853086615,0,229347.34,0,0
308,CASH_OUT,114696.59,C1832390958,4549,0,C622820294,119202.49,233899.08,0,0
308,CASH_OUT,102312.31,C1721885015,0,0,C1189608544,471881.19,574193.5,0,0
308,PAYMENT,19237.97,C2120380825,30092,10854.03,M997065216,0,0,0,0
308,PAYMENT,6745.13,C385008930,0,0,M2142250482,0,0,0,0
308,CASH_IN,152186.46,C313752868,6578,158764.46,C157343264,0,0,0,0
308,CASH_IN,805.33,C1493570416,17043,17848.33,C402395239,196349.03,195543.7,0,0
308,CASH_IN,266759.01,C1507661479,15641,282400.01,C1495157764,83501.51,0,0,0
308,CASH_OUT,47957.73,C666646491,6073,0,C650568211,751662.64,799620.37,0,0
308,PAYMENT,35781.7,C787424341,0,0,M1192968043,0,0,0,0
308,PAYMENT,10874.37,C1992450305,0,0,M814121709,0,0,0,0
308,TRANSFER,822654.22,C1738327332,91,0,C1656386666,0,822654.22,0,0
308,TRANSFER,1130802.01,C2036489947,129112,0,C1282701310,2320728.33,3451530.34,0,0
308,PAYMENT,2906.04,C483254943,264,0,M408455681,0,0,0,0
308,PAYMENT,1967.92,C434948555,30557,28589.08,M1922287787,0,0,0,0
308,CASH_OUT,269954.53,C28902780,489307.18,219352.65,C281683138,32842.8,302797.33,0,0
308,PAYMENT,7927.83,C1575854024,219352.65,211424.82,M582006575,0,0,0,0
308,PAYMENT,1598.8,C1317729602,21728,20129.2,M122788618,0,0,0,0
308,PAYMENT,12404.55,C921913335,30002,17597.45,M291342281,0,0,0,0
308,TRANSFER,737353.59,C149180485,10026,0,C298433742,4089858.42,4827212.01,0,0
308,TRANSFER,183128.38,C57021336,25623,0,C306786173,0,183128.38,0,0
308,CASH_OUT,61134.41,C788930812,25529,0,C540234064,466727.15,527861.56,0,0
308,CASH_IN,133623.78,C1377343770,396,134019.78,C1619904143,2842883.17,2709259.39,0,0
308,PAYMENT,3924.49,C2018811236,134019.78,130095.29,M1268624165,0,0,0,0
308,CASH_IN,162806.16,C1426223978,17785,180591.16,C660214945,1008173.39,845367.23,0,0
308,DEBIT,4681.68,C1136976025,41581,36899.32,C857817912,959428,964109.68,0,0
308,CASH_IN,120514.1,C522709560,52950,173464.1,C551399417,22850.14,0,0,0
308,PAYMENT,4112.52,C969256570,19801,15688.48,M2132415243,0,0,0,0
308,TRANSFER,1211499.16,C465499225,30748,0,C493479203,0,1211499.16,0,0
308,CASH_OUT,182988.59,C1005103932,115271,0,C951236034,0,182988.59,0,0
308,CASH_OUT,422892.83,C793404485,77620,0,C1817128268,0,422892.83,0,0
308,PAYMENT,27175.95,C6793452,0,0,M1821874309,0,0,0,0
308,PAYMENT,22896.19,C307785568,0,0,M1850493218,0,0,0,0
308,PAYMENT,21232.46,C1406250191,303,0,M55727488,0,0,0,0
308,PAYMENT,3057.07,C1386224101,746,0,M1588158410,0,0,0,0
308,PAYMENT,23138.72,C4204292,38685,15546.28,M288333017,0,0,0,0
308,PAYMENT,3385.64,C1133690920,185,0,M1464959135,0,0,0,0
308,PAYMENT,20501.23,C1453913462,0,0,M990671406,0,0,0,0
308,CASH_OUT,233252.06,C1858762471,17039,0,C370562366,0,233252.06,0,0
308,CASH_OUT,113685.56,C893667033,63,0,C1503805457,0,113685.56,0,0
308,PAYMENT,9649.51,C618006082,22656,13006.49,M2090044916,0,0,0,0
308,PAYMENT,31929.98,C1096004047,10372,0,M1446401458,0,0,0,0
308,PAYMENT,15036.3,C1120320800,106195,91158.7,M584742049,0,0,0,0
308,PAYMENT,20949.1,C2119918844,90897,69947.9,M446969152,0,0,0,0
308,PAYMENT,8458.13,C1836885129,69947.9,61489.77,M485669627,0,0,0,0
308,PAYMENT,14784.29,C959136029,12201,0,M35548493,0,0,0,0
308,CASH_OUT,241555.63,C172935531,0,0,C1555467546,579145.12,820700.75,0,0
308,CASH_OUT,85733.53,C65183675,34871,0,C672343672,0,85733.53,0,0
308,CASH_OUT,210423.79,C1612846451,3967,0,C1619301766,5240347.65,5450771.44,0,0
308,PAYMENT,5330.46,C287799359,3100,0,M1843330785,0,0,0,0
308,CASH_IN,92685.74,C2060888998,11489,104174.74,C966090239,1245142.23,1152456.5,0,0
308,PAYMENT,5006.81,C179281922,51557,46550.19,M551802856,0,0,0,0
308,TRANSFER,68574.63,C978324707,46550.19,0,C459518572,77323.83,145898.46,0,0
308,CASH_OUT,7286.66,C1964247956,1983,0,C1221781722,0,7286.66,0,0
308,PAYMENT,3291.9,C38541956,892,0,M1009697202,0,0,0,0
308,CASH_OUT,19866.57,C103019968,2530,0,C1636416460,0,19866.57,0,0
308,CASH_OUT,159740.02,C1404962363,16579,0,C26532844,558867.63,718607.65,0,0
308,PAYMENT,21504.54,C834973426,9931,0,M2066598441,0,0,0,0
308,CASH_OUT,28906.18,C1647951225,198395,169488.82,C1227309187,388404.26,417310.45,0,0
308,PAYMENT,13830.99,C1091956955,169488.82,155657.82,M1429370165,0,0,0,0
308,CASH_OUT,148257.28,C1079742776,11157,0,C1471043181,0,148257.28,0,0
308,PAYMENT,2102.53,C1873161791,11423,9320.47,M31164472,0,0,0,0
308,PAYMENT,18364.11,C1191628523,33165,14800.89,M1539851618,0,0,0,0
308,CASH_OUT,65858.05,C96554994,401,0,C704020376,177961.68,243819.73,0,0
308,PAYMENT,10003.9,C1485212986,20292,10288.1,M696672599,0,0,0,0
308,PAYMENT,5703.32,C813486672,10288.1,4584.78,M1062057330,0,0,0,0
308,PAYMENT,9568,C1406013692,4584.78,0,M1230528267,0,0,0,0
308,PAYMENT,4329.82,C526449186,0,0,M1297365657,0,0,0,0
308,PAYMENT,12726.41,C1857985087,0,0,M1695887588,0,0,0,0
308,PAYMENT,38382.63,C2109499278,0,0,M290462290,0,0,0,0
308,PAYMENT,865.31,C195368229,0,0,M1207666341,0,0,0,0
308,PAYMENT,2785.63,C1508186563,0,0,M1224084007,0,0,0,0
308,PAYMENT,1211.78,C1801007649,0,0,M1879854913,0,0,0,0
308,PAYMENT,10294.64,C30829442,0,0,M2039082669,0,0,0,0
308,PAYMENT,26678.87,C1533219719,0,0,M1225206253,0,0,0,0
308,PAYMENT,37073.74,C2076168500,0,0,M1299555432,0,0,0,0
308,PAYMENT,80064.34,C248084842,0,0,M2129752351,0,0,0,0
308,PAYMENT,1537.57,C2067937668,0,0,M469013600,0,0,0,0
308,PAYMENT,11449.66,C1588837469,0,0,M725567261,0,0,0,0
308,PAYMENT,24485.67,C1096533479,0,0,M2125663800,0,0,0,0
308,PAYMENT,9054.29,C1025578215,0,0,M1819786225,0,0,0,0
308,PAYMENT,5165.82,C1939619685,0,0,M356003296,0,0,0,0
308,PAYMENT,2691.17,C546018700,0,0,M1911691871,0,0,0,0
308,PAYMENT,7573.93,C1669817363,0,0,M931402414,0,0,0,0
308,PAYMENT,10447.77,C1264567847,0,0,M715005425,0,0,0,0
308,PAYMENT,11792.91,C1918976845,0,0,M1701265101,0,0,0,0
308,PAYMENT,20406.85,C1346151096,0,0,M177687771,0,0,0,0
308,PAYMENT,3981.78,C1922305519,0,0,M777638950,0,0,0,0
308,PAYMENT,18916.86,C465930807,20661,1744.14,M721742848,0,0,0,0
308,CASH_OUT,110075.52,C2041407482,819,0,C1343222917,263101.28,373176.8,0,0
308,PAYMENT,14865.92,C422933517,1101,0,M781635886,0,0,0,0
308,CASH_OUT,56177.85,C587095056,20151,0,C1559019959,0,56177.85,0,0
308,CASH_OUT,84956.26,C813595906,16421,0,C796121754,53700.23,138656.49,0,0
308,CASH_OUT,110299.81,C39449116,13174,0,C1107662533,0,110299.81,0,0
308,PAYMENT,13032.16,C450780376,8101,0,M1242602831,0,0,0,0
308,PAYMENT,25897.61,C155549538,0,0,M1153541444,0,0,0,0
308,PAYMENT,27890.17,C739314072,48776,20885.83,M1654981552,0,0,0,0
308,CASH_OUT,123887.55,C1077530345,20885.83,0,C1125681061,161690.66,285578.21,0,0
308,CASH_OUT,166547.76,C161200175,0,0,C1037976270,573825.25,740373.02,0,0
308,CASH_OUT,60286.4,C769801549,0,0,C1972236300,61967.15,122253.55,0,0
308,CASH_OUT,133009.62,C1737495490,0,0,C825866084,134815.06,267824.68,0,0
308,CASH_OUT,262741.6,C1775294303,0,0,C1595507586,1006617.54,1269359.13,0,0
308,CASH_OUT,35298.77,C1037975690,0,0,C542294872,1477512.58,1512811.35,0,0
308,CASH_OUT,143674.01,C23730729,0,0,C68380129,217143.97,360817.98,0,0
308,CASH_OUT,189864.06,C1719863237,0,0,C362352077,401484.85,591348.91,0,0
308,CASH_IN,85307.01,C151408229,182,85489.01,C1114937097,54550.16,0,0,0
308,CASH_OUT,97720.37,C1175688671,31179,0,C1001835136,678219.07,775939.43,0,0
308,CASH_OUT,147073.87,C393835622,773,0,C499645689,0,147073.87,0,0
308,CASH_IN,163196.74,C1773859939,467407,630603.74,C2051880241,2309562.41,2146365.67,0,0
308,CASH_OUT,21250.97,C1383397975,630603.74,609352.77,C1663124252,682491.66,703742.63,0,0
308,CASH_OUT,88782.43,C135471275,10753,0,C971510483,0,88782.43,0,0
308,PAYMENT,10094.13,C1419095947,0,0,M1790066838,0,0,0,0
308,CASH_IN,241266.19,C534886869,11337,252603.19,C255410862,4605429.98,4364163.79,0,0
308,CASH_OUT,58332.61,C250008826,252603.19,194270.58,C1280490337,24920304.12,24978636.73,0,0
308,CASH_IN,143074.61,C2004274010,53241,196315.61,C1589049689,0,0,0,0
308,CASH_OUT,92882.38,C263750610,21262,0,C749947039,1363221.24,1456103.62,0,0
308,PAYMENT,11973.77,C495303905,0,0,M637336239,0,0,0,0
308,PAYMENT,3995.57,C1678887249,0,0,M796680210,0,0,0,0
308,PAYMENT,10889.98,C523154344,1141,0,M1573198688,0,0,0,0
308,PAYMENT,2473.88,C938744520,15329,12855.12,M2068086996,0,0,0,0
308,CASH_OUT,130562.81,C295555047,45761,0,C743339097,245175.82,375738.63,0,0
308,CASH_OUT,84050.15,C1685506223,27285,0,C1645911770,669792.68,753842.83,0,0
308,TRANSFER,1182424.6,C1933814963,417,0,C549457578,1260910.67,2443335.26,0,0
